date,days_elapsed,Uw,ip,Tair,Twater,amc,ET,Hw,Tw,t,site_plot,Zs,A,dHw,Vw,dt,Qip,QET,dVw,Qg,Qnet,QHRT,Qout,Qin,Q_net_check,Q_check
2019-05-22,141,3.442208,0.11430000000000001,12.777777777777777,12.722222222222221,3,0.6455763987608704,0,14.677693078547348,0,OCSP.4,76.17881,1,0,0,1,0.0011430000000000001,0.006455763987608704,0,0,0.005312763987608704,0,-0,0.005312763987608704,0,0
2019-05-23,142,4.91744,0.20320000000000002,17.22222222222222,16.27777777777778,3,0.6499857358728338,0,15.298136148923708,1,OCSP.4,76.17881,1,0,0,1,0.0020320000000000004,0.006499857358728338,0,0,0.004467857358728337,0,-0,0.004467857358728337,0,0
2019-05-24,143,4.425696,0.1524,13.333333333333332,13.166666666666666,2,0.6865116290988069,0,15.66936590053417,2,OCSP.4,76.17881,1,0,0,1,0.0015240000000000002,0.006865116290988069,0,0,0.005341116290988069,0,-0,0.005341116290988069,0,0
2019-05-25,144,4.068064,2.3368,13.88888888888889,13.611111111111112,3,0.48403138845336696,0,14.907444759651467,3,OCSP.4,76.17881,1,0,0,1,0.023368000000000003,0.00484031388453367,0,0,-0.018527686115466332,0,-0.018527686115466332,0,0,-0.037055372230932665
2019-05-26,145,4.425696,0.20320000000000002,20.555555555555554,18.944444444444443,3,0.7269245200649395,0,15.513338777754042,4,OCSP.4,76.17881,1,0,0,1,0.0020320000000000004,0.007269245200649394,0,0,0.005237245200649394,0,-0,0.005237245200649394,0,-8.673617379884035e-19
2019-05-27,146,3.12928,0,13.88888888888889,13.611111111111112,3,0.7135327526647053,0,16.397256983651054,5,OCSP.4,76.17881,1,0,0,1,0,0.007135327526647053,0,0,0.007135327526647053,0,-0,0.007135327526647053,0,0
2019-05-28,147,1.78816,1.2446,9.444444444444445,10.055555555555557,3,0.36850880002332037,0,16.68339408474204,6,OCSP.4,76.17881,1,0,0,1,0.012445999999999999,0.0036850880002332036,0,0,-0.008760911999766795,0,-0.008760911999766795,0,0,-0.017521823999533587
2019-05-29,148,1.78816,0,12.777777777777777,12.722222222222221,3,0.29646903632639204,0,15.324105671894403,7,OCSP.4,76.17881,1,0,0,1,0,0.0029646903632639205,0,0,0.0029646903632639205,0,-0,0.0029646903632639205,0,0
2019-05-30,149,4.380992,0,16.666666666666668,15.833333333333336,3,0.48731001718831424,0,15.65868580782855,8,OCSP.4,76.17881,1,0,0,1,0,0.004873100171883142,0,0,0.004873100171883142,0,-0,0.004873100171883142,0,0
2019-05-31,150,3.173984,0.050800000000000005,14.444444444444445,14.055555555555557,3,0.7295001443382229,0,16.35682319417412,9,OCSP.4,76.17881,1,0,0,1,5.080000000000001e-4,0.007295001443382228,0,0,0.0067870014433822285,0,-0,0.0067870014433822285,0,0
2019-06-01,151,1.743456,0.050800000000000005,15,14.5,3,0.41421077560198005,0,16.829761693507066,10,OCSP.4,76.17881,1,0,0,1,5.080000000000001e-4,0.0041421077560198005,0,0,0.0036341077560198003,0,-0,0.0036341077560198003,0,0
2019-06-02,152,3.978656,1.4478,17.22222222222222,16.27777777777778,3,0.537450915412849,0,16.964124470581243,11,OCSP.4,76.17881,1,0,0,1,0.014478,0.00537450915412849,0,0,-0.00910349084587151,0,-0.00910349084587151,0,0,-0.018206981691743018
2019-06-03,153,3.621024,0.7874,12.777777777777777,12.722222222222221,3,0.6450478339558641,0,16.58934547577375,12,OCSP.4,76.17881,1,0,0,1,0.007873999999999999,0.006450478339558641,0,0,-0.0014235216604413584,0,-0.0014235216604413584,0,0,-0.0028470433208827167
2019-06-04,154,3.308096,0.127,12.777777777777777,12.722222222222221,3,0.47505463891298605,0,15.329300930470596,13,OCSP.4,76.17881,1,0,0,1,0.00127,0.004750546389129861,0,0,0.0034805463891298604,0,-0,0.0034805463891298604,0,0
2019-06-05,155,1.6987519999999998,2.032,16.11111111111111,15.38888888888889,3,0.5373481521916406,0,15.068341434737782,14,OCSP.4,76.17881,1,0,0,1,0.02032,0.005373481521916405,0,0,-0.014946518478083596,0,-0.014946518478083596,0,0,-0.029893036956167192
2019-06-06,156,3.084576,0.254,17.77777777777778,16.72222222222222,3,0.5666453451615646,0,15.498128481853154,15,OCSP.4,76.17881,1,0,0,1,0.00254,0.005666453451615646,0,0,0.003126453451615646,0,-0,0.003126453451615646,0,0
2019-06-07,157,1.8775680000000001,0,18.333333333333332,17.166666666666664,3,0.5572042268825764,0,16.2263086401386,16,OCSP.4,76.17881,1,0,0,1,0,0.005572042268825764,0,0,0.005572042268825764,0,-0,0.005572042268825764,0,0
2019-06-08,158,2.503424,0,17.22222222222222,16.27777777777778,3,0.7653476311282306,0,17.073305506765106,17,OCSP.4,76.17881,1,0,0,1,0,0.007653476311282306,0,0,0.007653476311282306,0,-0,0.007653476311282306,0,0
2019-06-09,159,2.771648,0,19.444444444444443,18.055555555555557,3,0.7824832462887406,0,17.476253774431015,18,OCSP.4,76.17881,1,0,0,1,0,0.007824832462887406,0,0,0.007824832462887406,0,-0,0.007824832462887406,0,0
2019-06-10,160,4.157472,0.10160000000000001,23.88888888888889,21.61111111111111,3,1.135434975385159,0,18.326103157467312,19,OCSP.4,76.17881,1,0,0,1,0.0010160000000000002,0.011354349753851588,0,0,0.010338349753851589,0,-0,0.010338349753851589,0,0
2019-06-11,161,3.978656,1.651,16.666666666666668,15.833333333333336,3,0.7153707151294523,0,19.112373222539453,20,OCSP.4,76.17881,1,0,0,1,0.01651,0.0071537071512945225,0,0,-0.009356292848705478,0,-0.009356292848705478,0,0,-0.01871258569741096
2019-06-12,162,2.369312,0,16.666666666666668,15.833333333333336,3,0.6071286198182266,0,17.631460001439223,21,OCSP.4,76.17881,1,0,0,1,0,0.006071286198182266,0,0,0.006071286198182266,0,-0,0.006071286198182266,0,0
2019-06-13,163,4.24688,0.1143,16.11111111111111,15.38888888888889,3,0.8571872237397269,0,17.74802494932104,22,OCSP.4,76.17881,1,0,0,1,0.001143,0.00857187223739727,0,0,0.00742887223739727,0,-0,0.00742887223739727,0,0
2019-06-14,164,4.24688,0.2286,16.666666666666668,15.833333333333336,3,0.5710091549638042,0,16.389931366767414,23,OCSP.4,76.17881,1,0,0,1,0.002286,0.005710091549638042,0,0,0.0034240915496380423,0,-0,0.0034240915496380423,0,0
2019-06-15,165,5.185664,0.2286,20,18.5,3,0.7664447243422214,0,15.964861372370779,24,OCSP.4,76.17881,1,0,0,1,0.002286,0.007664447243422214,0,0,0.005378447243422214,0,-0,0.005378447243422214,0,0
2019-06-16,166,1.78816,0,18.333333333333332,17.166666666666664,3,0.6031511397178984,0,16.419120953406818,25,OCSP.4,76.17881,1,0,0,1,0,0.006031511397178984,0,0,0.006031511397178984,0,-0,0.006031511397178984,0,0
2019-06-17,167,1.609344,0,17.22222222222222,16.27777777777778,2,0.4964145165015011,0,14.291157207371276,26,OCSP.4,76.17881,1,0,0,1,0,0.004964145165015011,0,0,0.004964145165015011,0,-0,0.004964145165015011,0,0
2019-06-18,168,1.430528,1.1853333333333331,20.555555555555554,18.944444444444443,3,0.5415169343264427,0,16.910104751586914,27,OCSP.4,76.17881,1,0,0,1,0.011853333333333332,0.0054151693432644265,0,0,-0.0064381639900689056,0,-0.0064381639900689056,0,0,-0.012876327980137813
2019-06-19,169,2.9504639999999998,2.3706666666666663,22.22222222222222,20.27777777777778,3,0.6187671021710769,0,19.51073118198065,28,OCSP.4,76.17881,1,0,0,1,0.023706666666666664,0.006187671021710769,0,0,-0.017518995644955897,0,-0.017518995644955897,0,0,-0.035037991289911787
2019-06-20,170,3.486912,3.5559999999999996,19.444444444444443,18.055555555555557,3,0.5084091590233093,0,19.230608483891427,29,OCSP.4,76.17881,1,0,0,1,0.035559999999999994,0.005084091590233093,0,0,-0.0304759084097669,0,-0.0304759084097669,0,0,-0.0609518168195338
2019-06-21,171,5.409184,1.7779999999999998,20.555555555555554,18.944444444444443,3,0.6660140804592134,0,18.273196161529164,30,OCSP.4,76.17881,1,0,0,1,0.017779999999999997,0.006660140804592134,0,0,-0.011119859195407863,0,-0.011119859195407863,0,0,-0.022239718390815726
2019-06-22,172,3.6657279999999997,0,19.444444444444443,18.055555555555557,3,0.7551139313808723,0,18.82137757760507,31,OCSP.4,76.17881,1,0,0,1,0,0.007551139313808724,0,0,0.007551139313808724,0,-0,0.007551139313808724,0,0
2019-06-23,173,3.442208,0,20.555555555555554,18.944444444444443,3,0.8146832237265326,0,19.41795684673168,32,OCSP.4,76.17881,1,0,0,1,0,0.008146832237265325,0,0,0.008146832237265325,0,-0,0.008146832237265325,0,0
2019-06-24,174,1.4752319999999999,0,20,18.5,3,0.7441478179335789,0,20.008875646708923,33,OCSP.4,76.17881,1,0,0,1,0,0.007441478179335789,0,0,0.007441478179335789,0,-0,0.007441478179335789,0,0
2019-06-25,175,1.8775680000000001,0.8889999999999999,21.11111111111111,19.38888888888889,3,0.5583102929490397,0,20.26773052451051,34,OCSP.4,76.17881,1,0,0,1,0.008889999999999999,0.0055831029294903965,0,0,-0.003306897070509602,0,-0.003306897070509602,0,0,-0.006613794141019203
2019-06-26,176,2.190496,0.4318,23.88888888888889,21.61111111111111,3,0.6013371669118661,0,20.64012777658156,35,OCSP.4,76.17881,1,0,0,1,0.004318,0.0060133716691186615,0,0,0.0016953716691186617,0,-0,0.0016953716691186617,0,0
2019-06-27,177,1.922272,0,23.88888888888889,21.61111111111111,3,0.6616874833399088,0,21.778068601349254,36,OCSP.4,76.17881,1,0,0,1,0,0.006616874833399088,0,0,0.006616874833399088,0,-0,0.006616874833399088,0,0
2019-06-28,178,2.2799039999999997,0.635,24.444444444444443,22.055555555555557,3,0.6939265128311214,0,22.690872027550213,37,OCSP.4,76.17881,1,0,0,1,0.00635,0.006939265128311214,0,0,5.892651283112144e-4,0,-0,5.892651283112144e-4,0,0
2019-06-29,179,2.2352,1.016,22.77777777777778,20.722222222222225,3,0.7806887949197423,0,22.99743307961358,38,OCSP.4,76.17881,1,0,0,1,0.01016,0.007806887949197423,0,0,-0.0023531120508025775,0,-0.0023531120508025775,0,0,-0.004706224101605154
2019-06-30,180,3.218688,0.025400000000000002,20,18.5,3,0.5104870006034554,0,22.98319004200123,39,OCSP.4,76.17881,1,0,0,1,2.5400000000000005e-4,0.005104870006034554,0,0,0.004850870006034554,0,-0,0.004850870006034554,0,0
2019-07-01,181,1.385824,0,21.666666666666668,19.833333333333336,3,0.55731978317593,0,23.42224892274833,40,OCSP.4,76.17881,1,0,0,1,0,0.0055731978317593,0,0,0.0055731978317593,0,-0,0.0055731978317593,0,0
2019-07-02,182,2.324608,0,24.444444444444443,22.055555555555557,3,0.61325892573366,0,23.88439096050498,41,OCSP.4,76.17881,1,0,0,1,0,0.006132589257336601,0,0,0.006132589257336601,0,-0,0.006132589257336601,0,0
2019-07-03,183,1.4752319999999999,0,25,22.5,3,0.5698842744320552,0,21.63008583916558,42,OCSP.4,76.17881,1,0,0,1,0,0.005698842744320552,0,0,0.005698842744320552,0,-0,0.005698842744320552,0,0
2019-07-04,184,1.385824,0,25,22.5,2,0.5889552647539509,0,21.169869899749756,43,OCSP.4,76.17881,1,0,0,1,0,0.005889552647539509,0,0,0.005889552647539509,0,-0,0.005889552647539509,0,0
2019-07-05,185,4.02336,0,25.555555555555554,22.944444444444443,1,0.8310454335000316,0,22.534595727920532,44,OCSP.4,76.17881,1,0,0,1,0,0.008310454335000316,0,0,0.008310454335000316,0,-0,0.008310454335000316,0,0
2019-07-06,186,3.531616,0.3556,26.11111111111111,23.38888888888889,1,0.8505588384981804,0,24.17032194726261,45,OCSP.4,76.17881,1,0,0,1,0.003556,0.008505588384981803,0,0,0.004949588384981803,0,-0,0.004949588384981803,0,0
2019-07-07,187,3.3975039999999996,0,19.444444444444443,18.055555555555557,1,0.7055251198066863,0,18.168735872080298,46,OCSP.4,76.17881,1,0,0,1,0,0.0070552511980668635,0,0,0.0070552511980668635,0,-0,0.0070552511980668635,0,0
2019-07-08,188,1.743456,0,20.555555555555554,18.944444444444443,1,0.6419132172377057,0,18.181267314487034,47,OCSP.4,76.17881,1,0,0,1,0,0.006419132172377056,0,0,0.006419132172377056,0,-0,0.006419132172377056,0,0
2019-07-09,189,1.8775680000000001,0,22.22222222222222,20.27777777777778,1,0.6621117351825758,0,20.491414526362476,48,OCSP.4,76.17881,1,0,0,1,0,0.006621117351825758,0,0,0.006621117351825758,0,-0,0.006621117351825758,0,0
2019-07-10,190,1.654048,0,24.444444444444443,22.055555555555557,1,0.6915111235436047,0,22.210114296571707,49,OCSP.4,76.17881,1,0,0,1,0,0.006915111235436046,0,0,0.006915111235436046,0,-0,0.006915111235436046,0,0
2019-07-11,191,3.933952,1.651,25,22.5,2,0.9145714452765628,0,18.707108684175637,50,OCSP.4,76.17881,1,0,0,1,0.01651,0.009145714452765628,0,0,-0.007364285547234372,0,-0.007364285547234372,0,0,-0.014728571094468743
2019-09-20,262,1.1176,0,16.666666666666668,15.833333333333336,1,0.3790145501474569,0,14.063468933105469,121,OCSP.4,76.17881,1,0,0,71,0,0.003790145501474569,0,0,0.003790145501474569,0,-0,0.003790145501474569,0,0
2019-09-21,263,0.759968,0,20,18.5,1,0.3298164772392305,0,14.015172911278995,122,OCSP.4,76.17881,1,0,0,1,0,0.003298164772392305,0,0,0.003298164772392305,0,-0,0.003298164772392305,0,0
2019-09-22,264,3.621024,0,20,18.5,1,0.4236747269190806,0,13.957797156439886,123,OCSP.4,76.17881,1,0,0,1,0,0.004236747269190806,0,0,0.004236747269190806,0,-0,0.004236747269190806,0,0
2019-09-23,265,3.6657279999999997,2.286,22.22222222222222,20.27777777777778,1,0.7823220143032019,0,13.953125697595102,124,OCSP.4,76.17881,1,0,0,1,0.022860000000000002,0.007823220143032019,0,0,-0.015036779856967983,0,-0.015036779856967983,0,0,-0.03007355971393597
2019-09-24,266,2.056384,0.3048,16.11111111111111,15.38888888888889,1,0.35364784769798774,0,13.86436797954418,125,OCSP.4,76.17881,1,0,0,1,0.0030480000000000004,0.0035364784769798775,0,0,4.884784769798771e-4,0,-0,4.884784769798771e-4,0,0
2019-09-25,267,2.01168,0,17.22222222222222,16.27777777777778,1,0.2630097628436447,0,13.861031002468533,126,OCSP.4,76.17881,1,0,0,1,0,0.002630097628436447,0,0,0.002630097628436447,0,-0,0.002630097628436447,0,0
2019-09-26,268,4.291583999999999,1.1176,15.555555555555555,14.944444444444445,2,0.47775444881432094,0,13.779587215847439,127,OCSP.4,76.17881,1,0,0,1,0.011175999999999998,0.00477754448814321,0,0,-0.006398455511856789,0,-0.006398455511856789,0,0,-0.012796911023713579
2019-09-27,269,2.771648,0,15,14.5,2,0.38917866258960304,0,13.765568203396267,128,OCSP.4,76.17881,1,0,0,1,0,0.0038917866258960303,0,0,0.0038917866258960303,0,-0,0.0038917866258960303,0,0
2019-09-28,270,4.4704,0.050800000000000005,20.555555555555554,18.944444444444443,2,0.6586548740459643,0,13.765568203396267,129,OCSP.4,76.17881,1,0,0,1,5.080000000000001e-4,0.0065865487404596435,0,0,0.006078548740459644,0,-0,0.006078548740459644,0,0
2019-09-29,271,3.978656,0,12.222222222222221,12.277777777777779,2,0.5718861962319715,0,13.759558068381414,130,OCSP.4,76.17881,1,0,0,1,0,0.005718861962319715,0,0,0.005718861962319715,0,-0,0.005718861962319715,0,0
2019-09-30,272,2.324608,0,11.11111111111111,11.38888888888889,2,0.2798301841064327,0,13.6780873492912,131,OCSP.4,76.17881,1,0,0,1,0,0.0027983018410643267,0,0,0.0027983018410643267,0,-0,0.0027983018410643267,0,0
2019-10-01,273,4.559807999999999,1.9304000000000001,18.333333333333332,17.166666666666664,3,0.5181436778766396,0,13.669406043158636,132,OCSP.4,76.17881,1,0,0,1,0.019304,0.005181436778766396,0,0,-0.014122563221233606,0,-0.014122563221233606,0,0,-0.02824512644246721
2019-10-02,274,3.621024,0.10160000000000001,13.333333333333332,13.166666666666666,3,0.39791785339298713,0,13.669406043158636,133,OCSP.4,76.17881,1,0,0,1,0.0010160000000000002,0.0039791785339298716,0,0,0.002963178533929871,0,-0,0.002963178533929871,0,0
2019-10-03,275,1.6987519999999998,0.050800000000000005,7.222222222222222,8.277777777777779,3,0.22283656067474591,0,13.669406043158636,134,OCSP.4,76.17881,1,0,0,1,5.080000000000001e-4,0.002228365606747459,0,0,0.0017203656067474589,0,-0,0.0017203656067474589,0,0
2019-10-04,276,4.91744,0.0762,6.666666666666666,7.833333333333333,3,0.248077347136726,0,13.624636317476813,135,OCSP.4,76.17881,1,0,0,1,7.620000000000001e-4,0.00248077347136726,0,0,0.0017187734713672597,0,-0,0.0017187734713672597,0,0
2019-10-05,277,0.8493759999999999,0,6.666666666666666,7.833333333333333,3,0.24220964790263277,0,13.573184543185764,136,OCSP.4,76.17881,1,0,0,1,0,0.0024220964790263276,0,0,0.0024220964790263276,0,-0,0.0024220964790263276,0,0
2019-10-06,278,6.25856,1.5748,11.11111111111111,11.38888888888889,3,0.37331622246956675,0,13.573184543185764,137,OCSP.4,76.17881,1,0,0,1,0.015747999999999998,0.0037331622246956674,0,0,-0.012014837775304332,0,-0.012014837775304332,0,0,-0.024029675550608663
2019-10-07,279,2.9504639999999998,3.1496,15.555555555555555,14.944444444444445,3,0.2593113799968946,0,13.573184543185764,138,OCSP.4,76.17881,1,0,0,1,0.031495999999999996,0.002593113799968946,0,0,-0.02890288620003105,0,-0.02890288620003105,0,0,-0.0578057724000621
2019-10-08,280,1.743456,0,12.222222222222221,12.277777777777779,3,0.2861016987506838,0,13.521048492855495,139,OCSP.4,76.17881,1,0,0,1,0,0.002861016987506838,0,0,0.002861016987506838,0,-0,0.002861016987506838,0,0
2019-10-09,281,1.296416,0,10.555555555555555,10.944444444444445,3,0.5893361782503928,0,13.476933373345268,140,OCSP.4,76.17881,1,0,0,1,0,0.005893361782503928,0,0,0.005893361782503928,0,-0,0.005893361782503928,0,0
2019-10-10,282,1.6987519999999998,0,12.777777777777777,12.722222222222221,3,0.28710020517452783,0,13.393354415893555,141,OCSP.4,76.17881,1,0,0,1,0,0.0028710020517452783,0,0,0.0028710020517452783,0,-0,0.0028710020517452783,0,0
2019-10-11,283,1.430528,0,12.222222222222221,12.277777777777779,3,0.2769708203723412,0,13.328463854613126,142,OCSP.4,76.17881,1,0,0,1,0,0.0027697082037234123,0,0,0.0027697082037234123,0,-0,0.0027697082037234123,0,0
2019-10-12,284,2.01168,0,14.444444444444445,14.055555555555557,3,0.3109951034710369,0,13.245488655419997,143,OCSP.4,76.17881,1,0,0,1,0,0.0031099510347103692,0,0,0.0031099510347103692,0,-0,0.0031099510347103692,0,0
2019-10-13,285,2.548128,0,12.222222222222221,12.277777777777779,3,0.47236765482127946,0,13.187931908501518,144,OCSP.4,76.17881,1,0,0,1,0,0.004723676548212794,0,0,0.004723676548212794,0,-0,0.004723676548212794,0,0
2019-10-14,286,3.933952,0.5588,13.333333333333332,13.166666666666666,3,0.5463797755750213,0,13.112256791856552,145,OCSP.4,76.17881,1,0,0,1,0.005587999999999999,0.005463797755750213,0,0,-1.2420224424978654e-4,0,-1.2420224424978654e-4,0,0,-2.4840448849957307e-4
2019-10-15,287,1.162304,0,8.88888888888889,9.61111111111111,3,0.35592942888251927,0,12.995025728955682,146,OCSP.4,76.17881,1,0,0,1,0,0.0035592942888251927,0,0,0.0035592942888251927,0,-0,0.0035592942888251927,0,0
2019-10-16,288,3.889248,0.5334,10.555555555555555,10.944444444444445,3,0.279477963342338,0,12.878386002999765,147,OCSP.4,76.17881,1,0,0,1,0.005334,0.00279477963342338,0,0,-0.00253922036657662,0,-0.00253922036657662,0,0,-0.0050784407331532395
2019-10-17,289,8.627872,3.6068,8.333333333333334,9.166666666666668,3,0.5913799904161474,0,12.404150388858936,148,OCSP.4,76.17881,1,0,0,1,0.036067999999999996,0.005913799904161474,0,0,-0.030154200095838524,0,-0.030154200095838524,0,0,-0.06030840019167704
2019-10-18,290,5.588,0.050800000000000005,8.88888888888889,9.61111111111111,3,0.23608032754800873,0,11.917828777689992,149,OCSP.4,76.17881,1,0,0,1,5.080000000000001e-4,0.0023608032754800874,0,0,0.0018528032754800872,0,-0,0.0018528032754800872,0,0
2019-10-19,291,2.503424,0,7.222222222222222,8.277777777777779,3,0.33323800247162944,0,11.372915535797308,150,OCSP.4,76.17881,1,0,0,1,0,0.0033323800247162944,0,0,0.0033323800247162944,0,-0,0.0033323800247162944,0,0
2019-10-20,292,1.966976,0,7.222222222222222,8.277777777777779,3,0.3290944205350153,0,10.959848680613954,151,OCSP.4,76.17881,1,0,0,1,0,0.003290944205350153,0,0,0.003290944205350153,0,-0,0.003290944205350153,0,0
2019-10-21,293,1.251712,0,10,10.5,2,0.16628270539597928,0,10.610934893290201,152,OCSP.4,76.17881,1,0,0,1,0,0.0016628270539597928,0,0,0.0016628270539597928,0,-0,0.0016628270539597928,0,0
2019-10-22,294,4.380992,0.40640000000000004,11.11111111111111,11.38888888888889,2,0.3064911704928176,0,10.619798045099516,153,OCSP.4,76.17881,1,0,0,1,0.004064000000000001,0.003064911704928176,0,0,-9.990882950718246e-4,0,-9.990882950718246e-4,0,0,-0.0019981765901436487
2019-10-23,295,2.6375360000000003,0.5588,13.88888888888889,13.611111111111112,3,0.2900647469730806,0,10.802477524604326,154,OCSP.4,76.17881,1,0,0,1,0.005587999999999999,0.002900647469730806,0,0,-0.002687352530269193,0,-0.002687352530269193,0,0,-0.005374705060538387
2019-10-24,296,4.112768,0.3302,12.222222222222221,12.277777777777779,3,0.5410833679882802,0,10.883937249948948,155,OCSP.4,76.17881,1,0,0,1,0.003302,0.005410833679882801,0,0,0.0021088336798828016,0,-0,0.0021088336798828016,0,0
2019-10-25,297,0.89408,0.10160000000000001,9.444444444444445,10.055555555555557,3,0.29059851628977096,0,10.976192038736226,156,OCSP.4,76.17881,1,0,0,1,0.0010160000000000002,0.0029059851628977095,0,0,0.0018899851628977093,0,-0,0.0018899851628977093,0,0
2019-10-26,298,1.162304,1.016,7.777777777777778,8.722222222222221,3,0.10627410212493978,0,10.993822356800974,157,OCSP.4,76.17881,1,0,0,1,0.01016,0.0010627410212493977,0,0,-0.009097258978750604,0,-0.009097258978750604,0,0,-0.018194517957501207
2019-10-27,299,3.218688,1.9304000000000001,7.222222222222222,8.277777777777779,3,0.30229549286547813,0,10.597288579116633,158,OCSP.4,76.17881,1,0,0,1,0.019304,0.003022954928654781,0,0,-0.016281045071345222,0,-0.016281045071345222,0,0,-0.032562090142690445
2019-10-28,300,2.548128,0.1524,12.777777777777777,12.722222222222221,3,0.13745948101892888,0,10.577587890036313,159,OCSP.4,76.17881,1,0,0,1,0.0015240000000000002,0.0013745948101892887,0,0,-1.4940518981071144e-4,0,-1.4940518981071144e-4,0,0,-2.988103796214229e-4
2019-10-29,301,5.856224,0,13.88888888888889,13.611111111111112,3,0.3505083107127846,0,10.970084181538335,160,OCSP.4,76.17881,1,0,0,1,0,0.003505083107127846,0,0,0.003505083107127846,0,-0,0.003505083107127846,0,0
2019-10-30,302,3.12928,0,16.11111111111111,15.38888888888889,3,0.4084084329738758,0,11.164581128108647,161,OCSP.4,76.17881,1,0,0,1,0,0.004084084329738758,0,0,0.004084084329738758,0,-0,0.004084084329738758,0,0
2019-10-31,303,4.649216,8.382,17.77777777777778,16.72222222222222,3,0.340740461007186,0,11.307399287635898,162,OCSP.4,76.17881,1,0,0,1,0.08381999999999999,0.0034074046100718604,0,0,-0.08041259538992813,0,-0.08041259538992813,0,0,-0.16082519077985627
2019-11-01,304,6.616192,1.6256000000000002,11.666666666666666,11.833333333333334,3,0.5463840255597903,0,11.416280534532333,163,OCSP.4,76.17881,1,0,0,1,0.016256000000000003,0.005463840255597902,0,0,-0.010792159744402102,0,-0.010792159744402102,0,0,-0.021584319488804203
2019-11-02,305,2.056384,0,3.888888888888889,5.611111111111111,3,0.2877181284674887,0,10.973419583873984,164,OCSP.4,76.17881,1,0,0,1,0,0.002877181284674887,0,0,0.002877181284674887,0,-0,0.002877181284674887,0,0
2019-11-03,306,3.263392,0.0762,6.111111111111111,7.388888888888889,3,0.3002298948977821,0,10.497310369986074,165,OCSP.4,76.17881,1,0,0,1,7.620000000000001e-4,0.0030022989489778213,0,0,0.002240298948977821,0,-0,0.002240298948977821,0,0
2019-11-04,307,4.068064,0,5,6.5,3,0.25814198773923425,0,9.81392408594673,166,OCSP.4,76.17881,1,0,0,1,0,0.0025814198773923425,0,0,0.0025814198773923425,0,-0,0.0025814198773923425,0,0
2019-11-05,308,5.588,0.0762,9.444444444444445,10.055555555555557,3,0.43078136474108114,0,9.544868439803889,167,OCSP.4,76.17881,1,0,0,1,7.620000000000001e-4,0.004307813647410811,0,0,0.0035458136474108112,0,-0,0.0035458136474108112,0,0
2019-11-06,309,3.978656,0,5,6.5,3,0.368320099031468,0,9.635328687267538,168,OCSP.4,76.17881,1,0,0,1,0,0.0036832009903146803,0,0,0.0036832009903146803,0,-0,0.0036832009903146803,0,0
2019-11-07,310,3.79984,0.1778,2.2222222222222223,4.277777777777778,3,0.25433859860297625,0,9.361011481579439,169,OCSP.4,76.17881,1,0,0,1,0.001778,0.0025433859860297626,0,0,7.653859860297626e-4,0,-0,7.653859860297626e-4,0,0
2019-11-08,311,5.409184,0.3556,-2.7777777777777777,1,3,0.2842693840762656,0,8.728671456560676,170,OCSP.4,76.17881,1,0,0,1,0.003556,0.002842693840762656,0,0,-7.133061592373442e-4,0,-7.133061592373442e-4,0,0,-0.0014266123184746883
2019-11-09,312,5.543296,0,-2.2222222222222223,1,3,0.28675923855300933,0,8.538072565455495,171,OCSP.4,76.17881,1,0,0,1,0,0.0028675923855300935,0,0,0.0028675923855300935,0,-0,0.0028675923855300935,0,0
2019-11-10,313,6.169152,0.025400000000000002,3.888888888888889,5.611111111111111,3,0.39881178075296286,0,8.43503013069247,172,OCSP.4,76.17881,1,0,0,1,2.5400000000000005e-4,0.0039881178075296285,0,0,0.0037341178075296286,0,-0,0.0037341178075296286,0,0
2019-11-11,314,3.978656,0.8382000000000001,-1.6666666666666665,1.1666666666666667,3,0.3427691030755267,0,8.358554950180164,173,OCSP.4,76.17881,1,0,0,1,0.008382,0.0034276910307552673,0,0,-0.004954308969244733,0,-0.004954308969244733,0,0,-0.009908617938489468
2020-04-13,468,6.660896,0.6096,13.333333333333332,13.166666666666666,3,0.15107485436551277,0,7.489593293931749,327,OCSP.4,76.17881,1,0,0,154,0.006096000000000001,0.0015107485436551278,0,0,-0.004585251456344873,0,-0.004585251456344873,0,0,-0.009170502912689747
2020-04-14,469,5.006848,0.3048,6.666666666666666,7.833333333333333,3,0.4089290444532564,0,6.60649886837712,328,OCSP.4,76.17881,1,0,0,1,0.0030480000000000004,0.004089290444532564,0,0,0.0010412904445325638,0,-0,0.0010412904445325638,0,0
2020-04-15,470,3.6657279999999997,0,4.444444444444445,6.055555555555555,3,0.5697804886883493,0,7.788009761292257,329,OCSP.4,76.17881,1,0,0,1,0,0.005697804886883493,0,0,0.005697804886883493,0,-0,0.005697804886883493,0,0
2020-04-16,471,3.844544,0.025400000000000002,2.7777777777777777,4.722222222222222,3,0.5756750759883126,0,8.281046799671502,330,OCSP.4,76.17881,1,0,0,1,2.5400000000000005e-4,0.005756750759883126,0,0,0.005502750759883126,0,-0,0.005502750759883126,0,0
2020-04-17,472,3.7551360000000003,0.012700000000000001,3.333333333333333,5.166666666666666,2,0.6492828933022057,0,7.5647353390116745,331,OCSP.4,76.17881,1,0,0,1,1.2700000000000002e-4,0.006492828933022057,0,0,0.006365828933022057,0,-0,0.006365828933022057,0,0
2020-04-18,473,2.190496,0,5,6.5,2,0.4748221812116788,0,7.3823346326380594,332,OCSP.4,76.17881,1,0,0,1,0,0.004748221812116788,0,0,0.004748221812116788,0,-0,0.004748221812116788,0,0
2020-04-19,474,5.409184,0.025400000000000002,7.222222222222222,8.277777777777779,2,0.3688299981248301,0,7.873168653912014,333,OCSP.4,76.17881,1,0,0,1,2.5400000000000005e-4,0.003688299981248301,0,0,0.003434299981248301,0,-0,0.003434299981248301,0,0
2020-04-20,475,4.425696,0.050800000000000005,3.888888888888889,5.611111111111111,2,0.6832875161464532,0,8.076092637615439,334,OCSP.4,76.17881,1,0,0,1,5.080000000000001e-4,0.006832875161464532,0,0,0.0063248751614645325,0,-0,0.0063248751614645325,0,0
2020-04-21,476,4.828032,0.127,3.888888888888889,5.611111111111111,2,0.40108174892774695,0,8.27414000475848,335,OCSP.4,76.17881,1,0,0,1,0.00127,0.004010817489277469,0,0,0.002740817489277469,0,-0,0.002740817489277469,0,0
2020-04-22,477,6.660896,0.0635,0.5555555555555556,2.9444444444444446,2,0.6033982643529726,0,6.615868468343476,336,OCSP.4,76.17881,1,0,0,1,6.35e-4,0.006033982643529726,0,0,0.005398982643529726,0,-0,0.005398982643529726,0,0
2020-04-23,478,3.308096,0,4.444444444444445,6.055555555555555,2,0.4839306069461428,0,5.937421248282915,337,OCSP.4,76.17881,1,0,0,1,0,0.004839306069461428,0,0,0.004839306069461428,0,-0,0.004839306069461428,0,0
2020-04-24,479,3.308096,0,6.111111111111111,7.388888888888889,2,0.4674505201597682,0,7.29206285358947,338,OCSP.4,76.17881,1,0,0,1,0,0.004674505201597682,0,0,0.004674505201597682,0,-0,0.004674505201597682,0,0
2020-04-25,480,2.056384,0,11.11111111111111,11.38888888888889,1,0.4346056530562913,0,8.18162896015026,339,OCSP.4,76.17881,1,0,0,1,0,0.004346056530562913,0,0,0.004346056530562913,0,-0,0.004346056530562913,0,0
2020-04-26,481,3.039872,0.8128000000000001,8.88888888888889,9.61111111111111,2,0.4243782388410562,0,9.02747501561671,340,OCSP.4,76.17881,1,0,0,1,0.008128000000000002,0.004243782388410562,0,0,-0.0038842176115894394,0,-0.0038842176115894394,0,0,-0.007768435223178879
2020-04-27,482,4.380992,0.3556,6.111111111111111,7.388888888888889,2,0.44231418946062095,0,8.37537995091191,341,OCSP.4,76.17881,1,0,0,1,0.003556,0.00442314189460621,0,0,8.671418946062095e-4,0,-0,8.671418946062095e-4,0,0
2020-04-28,483,3.12928,0,8.88888888888889,9.61111111111111,2,0.6490176311204257,0,7.723824345035317,342,OCSP.4,76.17881,1,0,0,1,0,0.006490176311204256,0,0,0.006490176311204256,0,-0,0.006490176311204256,0,0
2020-04-29,484,4.02336,0.050800000000000005,10,10.5,2,0.5395640271929619,0,8.965861311665288,343,OCSP.4,76.17881,1,0,0,1,5.080000000000001e-4,0.00539564027192962,0,0,0.00488764027192962,0,-0,0.00488764027192962,0,0
2020-04-30,485,6.660896,0.10160000000000001,10,10.5,2,0.47015336531834284,0,9.404278758131428,344,OCSP.4,76.17881,1,0,0,1,0.0010160000000000002,0.004701533653183428,0,0,0.003685533653183428,0,-0,0.003685533653183428,0,0
2020-05-01,486,4.24688,0.254,13.88888888888889,13.611111111111112,1,0.48924298204642797,0,9.746708384266606,345,OCSP.4,76.17881,1,0,0,1,0.00254,0.00489242982046428,0,0,0.00235242982046428,0,-0,0.00235242982046428,0,0
2020-05-02,487,1.6987519999999998,0.1524,11.11111111111111,11.38888888888889,1,0.555126675520426,0,10.112286217418717,346,OCSP.4,76.17881,1,0,0,1,0.0015240000000000002,0.00555126675520426,0,0,0.00402726675520426,0,-0,0.00402726675520426,0,0
2020-05-03,488,4.202176,0.050800000000000005,17.77777777777778,16.72222222222222,1,0.9798066531898024,0,11.90541053995674,347,OCSP.4,76.17881,1,0,0,1,5.080000000000001e-4,0.009798066531898025,0,0,0.009290066531898025,0,-0,0.009290066531898025,0,0
2020-05-04,489,4.69392,0.050800000000000005,10.555555555555555,10.944444444444445,1,0.7607485977487081,0,12.854178628803771,348,OCSP.4,76.17881,1,0,0,1,5.080000000000001e-4,0.007607485977487081,0,0,0.007099485977487081,0,-0,0.007099485977487081,0,0
2020-05-05,490,4.649216,0,7.222222222222222,8.277777777777779,1,0.32173092787778124,0,10.675665419778706,349,OCSP.4,76.17881,1,0,0,1,0,0.0032173092787778123,0,0,0.0032173092787778123,0,-0,0.0032173092787778123,0,0
2020-05-06,491,1.609344,0,7.777777777777778,8.722222222222221,1,0.5619349604362384,0,10.686056702225295,350,OCSP.4,76.17881,1,0,0,1,0,0.005619349604362384,0,0,0.005619349604362384,0,-0,0.005619349604362384,0,0
2020-05-07,492,2.8163519999999997,0.0762,9.444444444444445,10.055555555555557,1,0.5665911319497585,0,11.263836180722272,351,OCSP.4,76.17881,1,0,0,1,7.620000000000001e-4,0.0056659113194975855,0,0,0.004903911319497585,0,-0,0.004903911319497585,0,0
2020-05-08,493,3.933952,0.254,6.666666666666666,7.833333333333333,1,0.5178458083314097,0,11.084413881655092,352,OCSP.4,76.17881,1,0,0,1,0.00254,0.005178458083314097,0,0,0.002638458083314097,0,-0,0.002638458083314097,0,0
2020-05-09,494,5.990336,0.1778,2.7777777777777777,4.722222222222222,1,0.38277330523168146,0,7.4633998929718395,353,OCSP.4,76.17881,1,0,0,1,0.001778,0.0038277330523168148,0,0,0.0020497330523168147,0,-0,0.0020497330523168147,0,0
2020-05-10,495,4.4704,0.9017000000000001,7.777777777777778,8.722222222222221,1,0.6191485432834224,0,7.728207729480885,354,OCSP.4,76.17881,1,0,0,1,0.009017,0.006191485432834224,0,0,-0.0028255145671657765,0,-0.0028255145671657765,0,0,-0.005651029134331554
2020-05-11,496,2.592832,1.6256000000000002,7.222222222222222,8.277777777777779,2,0.44663896232225114,0,7.9392993450164795,355,OCSP.4,76.17881,1,0,0,1,0.016256000000000003,0.004466389623222511,0,0,-0.011789610376777492,0,-0.011789610376777492,0,0,-0.023579220753554987
2020-05-12,497,5.096256,0,6.111111111111111,7.388888888888889,2,0.6542038141365913,0,9.05045552018248,356,OCSP.4,76.17881,1,0,0,1,0,0.006542038141365914,0,0,0.006542038141365914,0,-0,0.006542038141365914,0,0
2020-05-13,498,4.112768,0,7.777777777777778,8.722222222222221,2,0.45886642526466837,0,10.183834308459435,357,OCSP.4,76.17881,1,0,0,1,0,0.004588664252646684,0,0,0.004588664252646684,0,-0,0.004588664252646684,0,0
2020-05-14,499,1.654048,0,10.555555555555555,10.944444444444445,1,0.4021659120969976,0,11.982272627912922,358,OCSP.4,76.17881,1,0,0,1,0,0.004021659120969976,0,0,0.004021659120969976,0,-0,0.004021659120969976,0,0
2020-05-15,500,3.79984,1.4731999999999998,16.666666666666668,15.833333333333336,2,0.45175849305401294,0,14.892900637638421,359,OCSP.4,76.17881,1,0,0,1,0.014731999999999999,0.004517584930540129,0,0,-0.01021441506945987,0,-0.01021441506945987,0,0,-0.02042883013891974
2020-05-16,501,3.442208,0,13.88888888888889,13.611111111111112,2,0.5761876097110966,0,13.607821582276143,360,OCSP.4,76.17881,1,0,0,1,0,0.005761876097110966,0,0,0.005761876097110966,0,-0,0.005761876097110966,0,0
2020-05-17,502,1.8328639999999998,0,15.555555555555555,14.944444444444445,2,0.5268350596223347,0,14.5118757383323,361,OCSP.4,76.17881,1,0,0,1,0,0.0052683505962233465,0,0,0.0052683505962233465,0,-0,0.0052683505962233465,0,0
2020-05-18,503,3.933952,0,16.11111111111111,15.38888888888889,2,0.5396160917123226,0,14.83490726094187,362,OCSP.4,76.17881,1,0,0,1,0,0.005396160917123226,0,0,0.005396160917123226,0,-0,0.005396160917123226,0,0
2020-05-19,504,2.45872,0,13.333333333333332,13.166666666666666,2,0.27454310229745726,0,14.719460393175666,363,OCSP.4,76.17881,1,0,0,1,0,0.0027454310229745728,0,0,0.0027454310229745728,0,-0,0.0027454310229745728,0,0
2020-05-20,505,2.101088,0,15.555555555555555,14.944444444444445,2,0.390212837956882,0,15.826048424214493,364,OCSP.4,76.17881,1,0,0,1,0,0.00390212837956882,0,0,0.00390212837956882,0,-0,0.00390212837956882,0,0
2020-05-21,506,3.79984,0,20,18.5,2,0.5301344469949811,0,15.466504906430655,365,OCSP.4,76.17881,1,0,0,1,0,0.005301344469949811,0,0,0.005301344469949811,0,-0,0.005301344469949811,0,0
2020-05-22,507,2.056384,0,20,18.5,2,0.7334764233806154,0,17.348826476085332,366,OCSP.4,76.17881,1,0,0,1,0,0.007334764233806154,0,0,0.007334764233806154,0,-0,0.007334764233806154,0,0
2020-05-23,508,3.889248,0,19.444444444444443,18.055555555555557,2,0.6160584106106437,0,16.708871082023336,367,OCSP.4,76.17881,1,0,0,1,0,0.006160584106106437,0,0,0.006160584106106437,0,-0,0.006160584106106437,0,0
2020-05-24,509,4.425696,0,18.333333333333332,17.166666666666664,1,0.8289649215826866,0,14.79718186237194,368,OCSP.4,76.17881,1,0,0,1,0,0.008289649215826866,0,0,0.008289649215826866,0,-0,0.008289649215826866,0,0
2020-05-25,510,5.81152,0,21.11111111111111,19.38888888888889,1,0.7475305980519709,0,15.902597668730182,369,OCSP.4,76.17881,1,0,0,1,0,0.007475305980519709,0,0,0.007475305980519709,0,-0,0.007475305980519709,0,0
2020-05-26,511,3.442208,0,26.11111111111111,23.38888888888889,1,0.741626422668178,0,20.78944793453923,370,OCSP.4,76.17881,1,0,0,1,0,0.00741626422668178,0,0,0.00741626422668178,0,-0,0.00741626422668178,0,0
2020-05-27,512,4.783328,0,28.88888888888889,25.611111111111114,1,1.0098527302870934,0,22.569864016992074,371,OCSP.4,76.17881,1,0,0,1,0,0.010098527302870934,0,0,0.010098527302870934,0,-0,0.010098527302870934,0,0
2020-05-28,513,6.25856,0,26.666666666666664,23.833333333333332,1,1.1434924485047593,0,21.732417771845686,372,OCSP.4,76.17881,1,0,0,1,0,0.011434924485047593,0,0,0.011434924485047593,0,-0,0.011434924485047593,0,0
2020-05-29,514,5.856224,2.4892,25,22.5,1,1.0058725729891644,0,22.562821117448216,373,OCSP.4,76.17881,1,0,0,1,0.024891999999999997,0.010058725729891645,0,0,-0.014833274270108353,0,-0.014833274270108353,0,0,-0.029666548540216706
2020-05-30,515,4.4704,0.1524,17.77777777777778,16.72222222222222,1,1.222084251252393,0,19.124383440724124,374,OCSP.4,76.17881,1,0,0,1,0.0015240000000000002,0.01222084251252393,0,0,0.010696842512523931,0,-0,0.010696842512523931,0,-1.734723475976807e-18
2020-05-31,516,4.872736,0.025400000000000002,10,10.5,1,0.9620297058847177,0,10.798332897233374,375,OCSP.4,76.17881,1,0,0,1,2.5400000000000005e-4,0.009620297058847177,0,0,0.009366297058847176,0,-0,0.009366297058847176,0,0
2020-06-01,517,2.101088,0.025400000000000002,10,10.5,1,0.7081607549034965,0,10.049920435304994,376,OCSP.4,76.17881,1,0,0,1,2.5400000000000005e-4,0.007081607549034965,0,0,0.006827607549034965,0,-0,0.006827607549034965,0,0
2020-06-02,518,2.414016,0.0635,12.777777777777777,12.722222222222221,1,0.653086864785604,0,11.891766242039056,377,OCSP.4,76.17881,1,0,0,1,6.35e-4,0.006530868647856039,0,0,0.005895868647856039,0,-0,0.005895868647856039,0,0
2020-06-03,519,1.385824,0.10160000000000001,15,14.5,1,0.7145226970338964,0,15.884368434364413,378,OCSP.4,76.17881,1,0,0,1,0.0010160000000000002,0.007145226970338964,0,0,0.0061292269703389635,0,-0,0.0061292269703389635,0,0
2020-06-04,520,1.4752319999999999,0.025400000000000002,20,18.5,1,0.3951815227879615,0,17.683487041496935,379,OCSP.4,76.17881,1,0,0,1,2.5400000000000005e-4,0.0039518152278796145,0,0,0.0036978152278796146,0,-0,0.0036978152278796146,0,0
2020-06-05,521,2.414016,0,24.444444444444443,22.055555555555557,1,0.4302149545517242,0,21.434921629634903,380,OCSP.4,76.17881,1,0,0,1,0,0.004302149545517242,0,0,0.004302149545517242,0,-0,0.004302149545517242,0,0
2020-06-06,522,3.531616,0.3556,21.666666666666668,19.833333333333336,1,0.28716140932794765,0,20.655258614339946,381,OCSP.4,76.17881,1,0,0,1,0.003556,0.0028716140932794764,0,0,-6.843859067205238e-4,0,-6.843859067205238e-4,0,0,-0.001368771813441048
2020-06-07,523,3.79984,0,16.666666666666668,15.833333333333336,1,0.3816887628711338,0,15.36875315654425,382,OCSP.4,76.17881,1,0,0,1,0,0.003816887628711338,0,0,0.003816887628711338,0,-0,0.003816887628711338,0,0
2020-06-08,524,2.6375360000000003,0,16.11111111111111,15.38888888888889,1,0.6178037080288717,0,15.257787601447399,383,OCSP.4,76.17881,1,0,0,1,0,0.0061780370802887175,0,0,0.0061780370802887175,0,-0,0.0061780370802887175,0,0
2020-06-09,525,1.296416,0.127,17.77777777777778,16.72222222222222,1,0.6884002656281442,0,16.37944049305386,384,OCSP.4,76.17881,1,0,0,1,0.00127,0.006884002656281442,0,0,0.005614002656281441,0,-0,0.005614002656281441,0,0
2020-06-10,526,3.933952,0,20,18.5,1,0.8561763395253228,0,17.03196890560197,385,OCSP.4,76.17881,1,0,0,1,0,0.008561763395253228,0,0,0.008561763395253228,0,-0,0.008561763395253228,0,0
2020-06-11,527,5.14096,0.2794,22.22222222222222,20.27777777777778,2,0.5629027147586002,0,20.988889608854127,386,OCSP.4,76.17881,1,0,0,1,0.0027939999999999996,0.0056290271475860024,0,0,0.002835027147586003,0,-0,0.002835027147586003,0,0
2020-06-12,528,4.738624,0,19.444444444444443,18.055555555555557,1,0.5445535110683202,0,15.875159825807735,387,OCSP.4,76.17881,1,0,0,1,0,0.005445535110683202,0,0,0.005445535110683202,0,-0,0.005445535110683202,0,0
2020-06-13,529,2.68224,0.025400000000000002,11.11111111111111,11.38888888888889,1,0.5537582485045265,0,12.797780566745335,388,OCSP.4,76.17881,1,0,0,1,2.5400000000000005e-4,0.0055375824850452645,0,0,0.005283582485045265,0,-0,0.005283582485045265,0,0
2020-06-14,530,1.34112,0,15,14.5,1,0.8120515680199851,0,13.90848789686038,389,OCSP.4,76.17881,1,0,0,1,0,0.008120515680199851,0,0,0.008120515680199851,0,-0,0.008120515680199851,0,0
2020-06-15,531,1.8775680000000001,0,16.666666666666668,15.833333333333336,1,0.9002678457841802,0,18.157798449198403,390,OCSP.4,76.17881,1,0,0,1,0,0.009002678457841801,0,0,0.009002678457841801,0,-0,0.009002678457841801,0,0
2020-06-16,532,1.34112,0,18.88888888888889,17.611111111111114,1,0.8270231559650378,0,18.599580423331552,391,OCSP.4,76.17881,1,0,0,1,0,0.008270231559650378,0,0,0.008270231559650378,0,-0,0.008270231559650378,0,0
2020-06-17,533,1.4752319999999999,0,22.22222222222222,20.27777777777778,1,0.35154903653224084,0,21.306189445801724,392,OCSP.4,76.17881,1,0,0,1,0,0.0035154903653224086,0,0,0.0035154903653224086,0,-0,0.0035154903653224086,0,0
2020-06-18,534,2.7269439999999996,0,23.88888888888889,21.61111111111111,1,0.37677403636492474,0,22.501897355656563,393,OCSP.4,76.17881,1,0,0,1,0,0.0037677403636492473,0,0,0.0037677403636492473,0,-0,0.0037677403636492473,0,0
2020-06-19,535,2.771648,0,27.22222222222222,24.27777777777778,1,0.5282075741942271,0,25.69494647744261,394,OCSP.4,76.17881,1,0,0,1,0,0.005282075741942271,0,0,0.005282075741942271,0,-0,0.005282075741942271,0,0
2020-06-20,536,1.609344,0,26.666666666666664,23.833333333333332,1,0.579068940076837,0,26.01880922729586,395,OCSP.4,76.17881,1,0,0,1,0,0.00579068940076837,0,0,0.00579068940076837,0,-0,0.00579068940076837,0,0
2020-06-21,537,1.966976,0,27.22222222222222,24.27777777777778,1,0.5969343681817998,0,25.849538261507764,396,OCSP.4,76.17881,1,0,0,1,0,0.005969343681817998,0,0,0.005969343681817998,0,-0,0.005969343681817998,0,0
2020-06-22,538,2.2352,0,27.77777777777778,24.722222222222225,1,1.0461506517472676,0,26.11944105890062,397,OCSP.4,76.17881,1,0,0,1,0,0.010461506517472676,0,0,0.010461506517472676,0,-0,0.010461506517472676,0,0
2020-06-23,539,4.872736,0,28.88888888888889,25.611111111111114,1,0.6729516103127363,0,26.03525071968267,398,OCSP.4,76.17881,1,0,0,1,0,0.006729516103127363,0,0,0.006729516103127363,0,-0,0.006729516103127363,0,0
2020-06-24,540,4.068064,0.8382000000000001,23.333333333333332,21.166666666666668,1,0.7416311321090981,0,22.44807854110812,399,OCSP.4,76.17881,1,0,0,1,0.008382,0.007416311321090981,0,0,-9.656886789090194e-4,0,-9.656886789090194e-4,0,0,-0.001931377357818038
2020-06-25,541,3.889248,0,21.666666666666668,19.833333333333336,1,0.7554762867894766,0,18.492882251739502,400,OCSP.4,76.17881,1,0,0,1,0,0.007554762867894766,0,0,0.007554762867894766,0,-0,0.007554762867894766,0,0
2020-06-26,542,3.039872,0.012700000000000001,23.88888888888889,21.61111111111111,1,0.9846393854598393,0,21.49469936335528,401,OCSP.4,76.17881,1,0,0,1,1.2700000000000002e-4,0.009846393854598394,0,0,0.009719393854598394,0,-0,0.009719393854598394,0,0
2020-06-27,543,4.649216,0.025400000000000002,23.333333333333332,21.166666666666668,1,0.9861611769354308,0,19.975774258743098,402,OCSP.4,76.17881,1,0,0,1,2.5400000000000005e-4,0.009861611769354309,0,0,0.009607611769354308,0,-0,0.009607611769354308,0,0
2020-06-28,544,2.68224,0.0762,22.77777777777778,20.722222222222225,1,0.8141496422437724,0,21.474929768362163,403,OCSP.4,76.17881,1,0,0,1,7.620000000000001e-4,0.008141496422437723,0,0,0.007379496422437723,0,-0,0.007379496422437723,0,0
2020-06-29,545,3.7551360000000003,0.7365999999999999,20,18.5,1,0.8693097732326269,0,19.452288562868848,404,OCSP.4,76.17881,1,0,0,1,0.007365999999999999,0.00869309773232627,0,0,0.0013270977323262701,0,-0,0.0013270977323262701,0,0
2020-06-30,546,3.486912,2.159,22.77777777777778,20.722222222222225,2,0.7591931129924594,0,20.309015144536524,405,OCSP.4,76.17881,1,0,0,1,0.021589999999999998,0.007591931129924594,0,0,-0.013998068870075403,0,-0.013998068870075403,0,0,-0.027996137740150806
2020-07-01,547,2.1457919999999997,0.508,22.77777777777778,20.722222222222225,2,0.44353455930129276,0,20.21902021066642,406,OCSP.4,76.17881,1,0,0,1,0.00508,0.004435345593012927,0,0,-6.446544069870731e-4,0,-6.446544069870731e-4,0,0,-0.0012893088139741462
2020-07-02,548,2.2352,0.3175,26.11111111111111,23.38888888888889,2,0.4082684836332183,0,23.943477486386712,407,OCSP.4,76.17881,1,0,0,1,0.003175,0.004082684836332184,0,0,9.076848363321838e-4,0,-0,9.076848363321838e-4,0,0
2020-07-03,549,2.548128,0.127,25,22.5,2,0.5141282485766873,0,24.83437336521384,408,OCSP.4,76.17881,1,0,0,1,0.00127,0.0051412824857668725,0,0,0.0038712824857668722,0,-0,0.0038712824857668722,0,0
2020-07-04,550,1.966976,0,24.444444444444443,22.055555555555557,2,0.47431507326168526,0,22.923616656550653,409,OCSP.4,76.17881,1,0,0,1,0,0.004743150732616852,0,0,0.004743150732616852,0,-0,0.004743150732616852,0,0
2020-07-05,551,1.609344,0,23.88888888888889,21.61111111111111,2,0.43736208223176154,0,21.14715904365351,410,OCSP.4,76.17881,1,0,0,1,0,0.004373620822317615,0,0,0.004373620822317615,0,-0,0.004373620822317615,0,0
2020-07-06,552,1.519936,0,23.333333333333332,21.166666666666668,2,0.6734615302643858,0,20.498847902556996,411,OCSP.4,76.17881,1,0,0,1,0,0.006734615302643858,0,0,0.006734615302643858,0,-0,0.006734615302643858,0,0
2020-07-07,553,4.9621439999999994,0.025400000000000002,23.88888888888889,21.61111111111111,2,0.6648732152622691,0,23.265123396743963,412,OCSP.4,76.17881,1,0,0,1,2.5400000000000005e-4,0.006648732152622691,0,0,0.006394732152622691,0,-0,0.006394732152622691,0,0
2020-07-08,554,3.889248,1.2446,26.11111111111111,23.38888888888889,2,0.5609304083471142,0,24.577904630590368,413,OCSP.4,76.17881,1,0,0,1,0.012445999999999999,0.005609304083471141,0,0,-0.006836695916528857,0,-0.006836695916528857,0,0,-0.013673391833057713
2020-07-09,555,2.592832,0,27.22222222222222,24.27777777777778,2,0.461297201252352,0,25.11575918138763,414,OCSP.4,76.17881,1,0,0,1,0,0.00461297201252352,0,0,0.00461297201252352,0,-0,0.00461297201252352,0,0
2020-07-10,556,4.068064,0,29.444444444444443,26.055555555555557,2,0.933474091363232,0,25.3143600181297,415,OCSP.4,76.17881,1,0,0,1,0,0.00933474091363232,0,0,0.00933474091363232,0,-0,0.00933474091363232,0,0
2020-07-11,557,4.828032,0.6096,27.77777777777778,24.722222222222225,3,0.9327272046775672,0,24.635956228515248,416,OCSP.4,76.17881,1,0,0,1,0.006096000000000001,0.009327272046775671,0,0,0.0032312720467756705,0,-0,0.0032312720467756705,0,0
2020-07-12,558,2.771648,0.2286,25,22.5,3,0.8013543502528206,0,23.442940005549676,417,OCSP.4,76.17881,1,0,0,1,0.002286,0.008013543502528206,0,0,0.005727543502528206,0,-0,0.005727543502528206,0,0
2020-07-13,559,1.6987519999999998,0.1524,23.333333333333332,21.166666666666668,3,0.8979751696629548,0,22.28113281874009,418,OCSP.4,76.17881,1,0,0,1,0.0015240000000000002,0.008979751696629547,0,0,0.007455751696629547,0,-0,0.007455751696629547,0,0
2020-07-14,560,2.7269439999999996,0.0762,22.22222222222222,20.27777777777778,1,0.7637489259233614,0,20.30119165962125,419,OCSP.4,76.17881,1,0,0,1,7.620000000000001e-4,0.0076374892592336145,0,0,0.006875489259233614,0,-0,0.006875489259233614,0,0
2020-07-15,561,1.922272,0,23.333333333333332,21.166666666666668,1,0.5363125080450653,0,21.345482652569995,420,OCSP.4,76.17881,1,0,0,1,0,0.005363125080450653,0,0,0.005363125080450653,0,-0,0.005363125080450653,0,0
2020-07-16,562,5.096256,0.2159,22.77777777777778,20.722222222222225,1,0.45719318683769067,0,20.546499843950624,421,OCSP.4,76.17881,1,0,0,1,0.002159,0.004571931868376906,0,0,0.0024129318683769065,0,-0,0.0024129318683769065,0,0
2020-07-17,563,4.91744,0.4318,23.333333333333332,21.166666666666668,1,0.4796572778975004,0,20.142984449127574,422,OCSP.4,76.17881,1,0,0,1,0.004318,0.004796572778975004,0,0,4.785727789750043e-4,0,-0,4.785727789750043e-4,0,0
2020-07-18,564,2.8163519999999997,0,26.666666666666664,23.833333333333332,1,0.6370850134268504,0,23.73037972567994,423,OCSP.4,76.17881,1,0,0,1,0,0.006370850134268504,0,0,0.006370850134268504,0,-0,0.006370850134268504,0,0
2020-07-19,565,4.4704,0.1778,28.333333333333332,25.166666666666668,1,0.7097963149235251,0,24.613032296851827,424,OCSP.4,76.17881,1,0,0,1,0.001778,0.007097963149235251,0,0,0.005319963149235251,0,-0,0.005319963149235251,0,0
2020-07-20,566,3.844544,0.025400000000000002,28.333333333333332,25.166666666666668,1,0.6143285336749099,0,24.969833338702166,425,OCSP.4,76.17881,1,0,0,1,2.5400000000000005e-4,0.006143285336749099,0,0,0.005889285336749099,0,-0,0.005889285336749099,0,0
2020-07-21,567,2.771648,0,23.333333333333332,21.166666666666668,1,0.6004259183006844,0,20.985944462411197,426,OCSP.4,76.17881,1,0,0,1,0,0.006004259183006844,0,0,0.006004259183006844,0,-0,0.006004259183006844,0,0
2020-07-22,568,2.01168,0.4953,22.77777777777778,20.722222222222225,1,0.8316577115980172,0,20.581626877372646,427,OCSP.4,76.17881,1,0,0,1,0.004953,0.008316577115980172,0,0,0.003363577115980172,0,-0,0.003363577115980172,0,0
2020-07-23,569,2.592832,0.9906,24.444444444444443,22.055555555555557,1,1.029833202626557,0,21.994670261571436,428,OCSP.4,76.17881,1,0,0,1,0.009906,0.010298332026265572,0,0,3.9233202626557176e-4,0,-0,3.9233202626557176e-4,0,0
2020-07-24,570,2.101088,0,23.88888888888889,21.61111111111111,1,0.6455400028313063,0,20.39890436478603,429,OCSP.4,76.17881,1,0,0,1,0,0.006455400028313063,0,0,0.006455400028313063,0,-0,0.006455400028313063,0,0
2020-07-25,571,1.251712,0,24.444444444444443,22.055555555555557,1,0.5162985103258927,0,21.235271206608523,430,OCSP.4,76.17881,1,0,0,1,0,0.005162985103258927,0,0,0.005162985103258927,0,-0,0.005162985103258927,0,0
2020-07-26,572,3.308096,0,26.11111111111111,23.38888888888889,1,0.4393443195044866,0,23.04986796261352,431,OCSP.4,76.17881,1,0,0,1,0,0.004393443195044866,0,0,0.004393443195044866,0,-0,0.004393443195044866,0,0
2020-07-27,573,2.771648,1.7272,28.333333333333332,25.166666666666668,2,0.4970911080543858,0,25.94894391519052,432,OCSP.4,76.17881,1,0,0,1,0.017272,0.004970911080543858,0,0,-0.012301088919456141,0,-0.012301088919456141,0,0,-0.024602177838912283
2020-07-28,574,3.084576,0.025400000000000002,27.22222222222222,24.27777777777778,2,0.5583480952806421,0,23.27720692128311,433,OCSP.4,76.17881,1,0,0,1,2.5400000000000005e-4,0.0055834809528064215,0,0,0.005329480952806422,0,-0,0.005329480952806422,0,0
2020-07-29,575,2.6375360000000003,0.10160000000000001,24.444444444444443,22.055555555555557,2,0.6964456049553174,0,20.81686664510656,434,OCSP.4,76.17881,1,0,0,1,0.0010160000000000002,0.006964456049553174,0,0,0.005948456049553174,0,-0,0.005948456049553174,0,0
2020-07-30,576,2.548128,0.050800000000000005,24.444444444444443,22.055555555555557,2,0.6820898917555794,0,15.910535265666082,435,OCSP.4,76.17881,1,0,0,1,5.080000000000001e-4,0.006820898917555794,0,0,0.006312898917555794,0,-0,0.006312898917555794,0,0
2020-07-31,577,1.78816,0,22.77777777777778,20.722222222222225,2,0.7088863523164104,0,11.844347965570144,436,OCSP.4,76.17881,1,0,0,1,0,0.007088863523164104,0,0,0.007088863523164104,0,-0,0.007088863523164104,0,0
2020-08-01,578,1.8328639999999998,0,23.88888888888889,21.61111111111111,2,0.9052291474006251,0,11.929963223728134,437,OCSP.4,76.17881,1,0,0,1,0,0.009052291474006251,0,0,0.009052291474006251,0,-0,0.009052291474006251,0,0
2020-08-02,579,3.486912,3.3274000000000004,25.555555555555554,22.944444444444443,3,0.6479215622598825,0,11.9596074834282,438,OCSP.4,76.17881,1,0,0,1,0.033274000000000005,0.006479215622598825,0,0,-0.026794784377401182,0,-0.026794784377401182,0,0,-0.053589568754802364
2020-08-03,580,3.844544,0,23.333333333333332,21.166666666666668,3,0.5049343849017267,0,12.027653588189018,439,OCSP.4,76.17881,1,0,0,1,0,0.0050493438490172675,0,0,0.0050493438490172675,0,-0,0.0050493438490172675,0,0
2020-08-04,581,4.068064,6.35,20,18.5,3,0.5876499935375936,0,12.093645790476858,440,OCSP.4,76.17881,1,0,0,1,0.0635,0.005876499935375936,0,0,-0.057623500064624064,0,-0.057623500064624064,0,0,-0.11524700012924813
2020-08-05,582,4.24688,0.3302,22.22222222222222,20.27777777777778,3,0.7699251073560444,0,12.221561008029514,441,OCSP.4,76.17881,1,0,0,1,0.003302,0.007699251073560443,0,0,0.004397251073560444,0,-0,0.004397251073560444,0,0
2020-08-06,583,2.414016,0,20,18.5,3,0.6355122638642635,0,12.26526982990312,442,OCSP.4,76.17881,1,0,0,1,0,0.006355122638642635,0,0,0.006355122638642635,0,-0,0.006355122638642635,0,0
2020-08-07,584,1.385824,0,21.11111111111111,19.38888888888889,3,0.31398149376987505,0,12.318392859564886,443,OCSP.4,76.17881,1,0,0,1,0,0.0031398149376987506,0,0,0.0031398149376987506,0,-0,0.0031398149376987506,0,0
2020-08-08,585,1.34112,0,23.333333333333332,21.166666666666668,3,0.41961240161632885,0,12.323772524609977,444,OCSP.4,76.17881,1,0,0,1,0,0.0041961240161632885,0,0,0.0041961240161632885,0,-0,0.0041961240161632885,0,0
2020-08-09,586,1.78816,0.20320000000000002,24.444444444444443,22.055555555555557,3,0.7403522774385669,0,12.413209455984608,445,OCSP.4,76.17881,1,0,0,1,0.0020320000000000004,0.007403522774385669,0,0,0.0053715227743856685,0,-0,0.0053715227743856685,0,0
2020-08-10,587,2.01168,0.40640000000000004,26.11111111111111,23.38888888888889,3,0.5380936625356417,0,12.441427442762587,446,OCSP.4,76.17881,1,0,0,1,0.004064000000000001,0.005380936625356417,0,0,0.0013169366253564163,0,-0,0.0013169366253564163,0,0
2020-08-11,588,4.9621439999999994,2.921,27.77777777777778,24.722222222222225,3,0.5082936607499412,0,12.511967553032768,447,OCSP.4,76.17881,1,0,0,1,0.02921,0.005082936607499412,0,0,-0.024127063392500588,0,-0.024127063392500588,0,0,-0.048254126785001183
2020-08-12,589,1.743456,0,25.555555555555554,22.944444444444443,3,0.48197773922216924,0,12.51868345119335,448,OCSP.4,76.17881,1,0,0,1,0,0.0048197773922216925,0,0,0.0048197773922216925,0,-0,0.0048197773922216925,0,0
2020-08-13,590,1.162304,0,23.88888888888889,21.61111111111111,3,0.6482979808267116,0,12.605318537464848,449,OCSP.4,76.17881,1,0,0,1,0,0.006482979808267116,0,0,0.006482979808267116,0,-0,0.006482979808267116,0,0
2020-08-14,591,2.369312,0,22.77777777777778,20.722222222222225,3,0.5768423040155726,0,12.60867648654514,450,OCSP.4,76.17881,1,0,0,1,0,0.005768423040155726,0,0,0.005768423040155726,0,-0,0.005768423040155726,0,0
2020-08-15,592,1.6987519999999998,0,22.22222222222222,20.27777777777778,3,1.0219403629403685,0,12.652303039291759,451,OCSP.4,76.17881,1,0,0,1,0,0.010219403629403686,0,0,0.010219403629403686,0,-0,0.010219403629403686,0,0
2020-08-16,593,3.263392,0,22.77777777777778,20.722222222222225,3,0.6633433094182409,0,12.705326080322266,452,OCSP.4,76.17881,1,0,0,1,0,0.0066334330941824095,0,0,0.0066334330941824095,0,-0,0.0066334330941824095,0,0
2020-08-17,594,2.190496,0.127,20.555555555555554,18.944444444444443,3,0.435693697957335,0,12.707338951252124,453,OCSP.4,76.17881,1,0,0,1,0.00127,0.00435693697957335,0,0,0.0030869369795733497,0,-0,0.0030869369795733497,0,0
2020-08-18,595,1.966976,0.6096,21.11111111111111,19.38888888888889,2,0.9740895046036133,0,12.795905272165934,454,OCSP.4,76.17881,1,0,0,1,0.006096000000000001,0.009740895046036133,0,0,0.003644895046036132,0,-0,0.003644895046036132,0,0
2020-08-19,596,1.922272,0.050800000000000005,18.88888888888889,17.611111111111114,2,0.53594883597097,0,12.801943884955511,455,OCSP.4,76.17881,1,0,0,1,5.080000000000001e-4,0.0053594883597096995,0,0,0.0048514883597097,0,-0,0.0048514883597097,0,0
2020-08-20,597,1.296416,0,17.77777777777778,16.72222222222222,2,0.7293018701004743,0,12.836812219502013,456,OCSP.4,76.17881,1,0,0,1,0,0.007293018701004743,0,0,0.007293018701004743,0,-0,0.007293018701004743,0,0
2020-08-21,598,2.995168,0.0762,22.22222222222222,20.27777777777778,2,0.6688144411125355,0,12.898502349853516,457,OCSP.4,76.17881,1,0,0,1,7.620000000000001e-4,0.006688144411125355,0,0,0.0059261444111253555,0,-0,0.0059261444111253555,0,-8.673617379884035e-19
2020-08-22,599,1.6987519999999998,0,22.22222222222222,20.27777777777778,2,0.4509585363227571,0,12.898502349853516,458,OCSP.4,76.17881,1,0,0,1,0,0.004509585363227571,0,0,0.004509585363227571,0,-0,0.004509585363227571,0,0
2020-08-23,600,1.430528,0.20320000000000002,22.77777777777778,20.722222222222225,2,0.40327691398776466,0,12.930677908438224,459,OCSP.4,76.17881,1,0,0,1,0.0020320000000000004,0.004032769139877646,0,0,0.002000769139877646,0,-0,0.002000769139877646,0,0
2020-08-24,601,2.503424,0.4572,25,22.5,2,0.5352570270168102,0,12.99502902560764,460,OCSP.4,76.17881,1,0,0,1,0.004572,0.005352570270168102,0,0,7.805702701681027e-4,0,-0,7.805702701681027e-4,0,0
2020-08-25,602,6.169152,0,22.77777777777778,20.722222222222225,1,0.417960751000306,0,12.99502902560764,461,OCSP.4,76.17881,1,0,0,1,0,0.00417960751000306,0,0,0.00417960751000306,0,-0,0.00417960751000306,0,0
2020-08-26,603,5.14096,0,16.11111111111111,15.38888888888889,1,0.4324158587432764,0,12.99502902560764,462,OCSP.4,76.17881,1,0,0,1,0,0.004324158587432765,0,0,0.004324158587432765,0,-0,0.004324158587432765,0,0
2020-08-27,604,1.430528,0,13.88888888888889,13.611111111111112,1,0.5005686967817903,0,13.039243221282959,463,OCSP.4,76.17881,1,0,0,1,0,0.005005686967817903,0,0,0.005005686967817903,0,-0,0.005005686967817903,0,0
2020-08-28,605,1.8328639999999998,0,20.555555555555554,18.944444444444443,1,0.5870999194432743,0,13.091496361626518,464,OCSP.4,76.17881,1,0,0,1,0,0.005870999194432743,0,0,0.005870999194432743,0,-0,0.005870999194432743,0,0
2020-08-29,606,4.425696,1.9304000000000001,20,18.5,1,1.161136347066915,0,13.091496361626518,465,OCSP.4,76.17881,1,0,0,1,0.019304,0.011611363470669149,0,0,-0.007692636529330853,0,-0.007692636529330853,0,0,-0.015385273058661705
2020-08-30,607,5.409184,0.9652000000000001,18.88888888888889,17.611111111111114,2,0.31135886167167515,0,13.1269900004069,466,OCSP.4,76.17881,1,0,0,1,0.009652,0.0031135886167167515,0,0,-0.00653841138328325,0,-0.00653841138328325,0,0,-0.0130768227665665
2020-08-31,608,1.296416,0,17.77777777777778,16.72222222222222,2,0.38346532296992775,0,13.187931908501518,467,OCSP.4,76.17881,1,0,0,1,0,0.0038346532296992773,0,0,0.0038346532296992773,0,-0,0.0038346532296992773,0,0
2020-09-01,609,3.308096,0.0762,19.444444444444443,18.055555555555557,2,0.5880421464764457,0,13.187931908501518,468,OCSP.4,76.17881,1,0,0,1,7.620000000000001e-4,0.005880421464764457,0,0,0.0051184214647644576,0,-0,0.0051184214647644576,0,-8.673617379884035e-19
2020-09-02,610,5.14096,0.1524,21.11111111111111,19.38888888888889,2,0.7296763352413225,0,13.187931908501518,469,OCSP.4,76.17881,1,0,0,1,0.0015240000000000002,0.007296763352413225,0,0,0.005772763352413225,0,-0,0.005772763352413225,0,0
2020-09-03,611,2.324608,0,21.11111111111111,19.38888888888889,2,0.41192323514271906,0,13.187931908501518,470,OCSP.4,76.17881,1,0,0,1,0,0.004119232351427191,0,0,0.004119232351427191,0,-0,0.004119232351427191,0,0
2020-09-04,612,3.844544,0,20.555555555555554,18.944444444444443,2,0.5269635359281346,0,13.18860117300057,471,OCSP.4,76.17881,1,0,0,1,0,0.005269635359281346,0,0,0.005269635359281346,0,-0,0.005269635359281346,0,0
2020-09-05,613,2.995168,0,18.333333333333332,17.166666666666664,2,0.5564391443657833,0,13.212694694966444,472,OCSP.4,76.17881,1,0,0,1,0,0.005564391443657834,0,0,0.005564391443657834,0,-0,0.005564391443657834,0,0
2020-09-06,614,1.56464,0,17.22222222222222,16.27777777777778,2,0.3367993710263199,0,13.269582177385871,473,OCSP.4,76.17881,1,0,0,1,0,0.003367993710263199,0,0,0.003367993710263199,0,-0,0.003367993710263199,0,0
2020-09-07,615,6.92912,0,19.444444444444443,18.055555555555557,1,0.6113456679153264,0,13.284305996365017,474,OCSP.4,76.17881,1,0,0,1,0,0.006113456679153264,0,0,0.006113456679153264,0,-0,0.006113456679153264,0,0
2020-09-08,616,3.442208,0,22.22222222222222,20.27777777777778,1,0.7747154033796609,0,13.284305996365017,475,OCSP.4,76.17881,1,0,0,1,0,0.00774715403379661,0,0,0.00774715403379661,0,-0,0.00774715403379661,0,0
2020-09-09,617,2.995168,0,20.555555555555554,18.944444444444443,1,0.4712285484059714,0,13.284305996365017,476,OCSP.4,76.17881,1,0,0,1,0,0.004712285484059714,0,0,0.004712285484059714,0,-0,0.004712285484059714,0,0
2020-09-10,618,3.6657279999999997,0.025400000000000002,20.555555555555554,18.944444444444443,1,0.866985580706363,0,13.284305996365017,477,OCSP.4,76.17881,1,0,0,1,2.5400000000000005e-4,0.00866985580706363,0,0,0.00841585580706363,0,-0,0.00841585580706363,0,0
2020-09-11,619,3.12928,0.012700000000000001,13.333333333333332,13.166666666666666,1,0.593630885682735,0,13.284305996365017,478,OCSP.4,76.17881,1,0,0,1,1.2700000000000002e-4,0.00593630885682735,0,0,0.0058093088568273495,0,-0,0.0058093088568273495,0,0
2020-09-12,620,2.592832,0,14.444444444444445,14.055555555555557,1,0.41150352195695594,0,13.284305996365017,479,OCSP.4,76.17881,1,0,0,1,0,0.004115035219569559,0,0,0.004115035219569559,0,-0,0.004115035219569559,0,0
2020-09-13,621,6.884416,0.381,18.88888888888889,17.611111111111114,1,0.5275360305119762,0,13.284305996365017,480,OCSP.4,76.17881,1,0,0,1,0.00381,0.005275360305119762,0,0,0.0014653603051197617,0,-0,0.0014653603051197617,0,0
2020-09-14,622,4.425696,0,14.444444444444445,14.055555555555557,1,0.34047181344189237,0,13.284305996365017,481,OCSP.4,76.17881,1,0,0,1,0,0.0034047181344189236,0,0,0.0034047181344189236,0,-0,0.0034047181344189236,0,0
2020-09-15,623,1.609344,0,11.11111111111111,11.38888888888889,1,0.30441087993658944,0,13.284305996365017,482,OCSP.4,76.17881,1,0,0,1,0,0.0030441087993658945,0,0,0.0030441087993658945,0,-0,0.0030441087993658945,0,0
2020-09-16,624,7.6443840000000005,0,18.333333333333332,17.166666666666664,1,0.16499763438305445,0,13.284305996365017,483,OCSP.4,76.17881,1,0,0,1,0,0.0016499763438305446,0,0,0.0016499763438305446,0,-0,0.0016499763438305446,0,0
2020-09-17,625,2.861056,0,15,14.5,1,0.6488023273641481,0,13.284305996365017,484,OCSP.4,76.17881,1,0,0,1,0,0.006488023273641481,0,0,0.006488023273641481,0,-0,0.006488023273641481,0,0
2020-09-18,626,3.218688,0,10.555555555555555,10.944444444444445,1,0.6039389524605044,0,13.284305996365017,485,OCSP.4,76.17881,1,0,0,1,0,0.006039389524605044,0,0,0.006039389524605044,0,-0,0.006039389524605044,0,0
2020-09-19,627,1.6987519999999998,0,7.777777777777778,8.722222222222221,1,0.3931976459100935,0,13.284305996365017,486,OCSP.4,76.17881,1,0,0,1,0,0.003931976459100935,0,0,0.003931976459100935,0,-0,0.003931976459100935,0,0
2020-09-20,628,1.56464,0,8.88888888888889,9.61111111111111,1,0.42167873368050557,0,13.284305996365017,487,OCSP.4,76.17881,1,0,0,1,0,0.004216787336805056,0,0,0.004216787336805056,0,-0,0.004216787336805056,0,0
2020-09-21,629,1.028192,0,9.444444444444445,10.055555555555557,1,0.3231997179740576,0,13.284305996365017,488,OCSP.4,76.17881,1,0,0,1,0,0.003231997179740576,0,0,0.003231997179740576,0,-0,0.003231997179740576,0,0
2020-09-22,630,2.592832,0,10,10.5,1,0.41562653949947836,0,13.284305996365017,489,OCSP.4,76.17881,1,0,0,1,0,0.0041562653949947835,0,0,0.0041562653949947835,0,-0,0.0041562653949947835,0,0
2020-09-23,631,1.519936,0,15.555555555555555,14.944444444444445,1,0.31160825186261876,0,13.284305996365017,490,OCSP.4,76.17881,1,0,0,1,0,0.0031160825186261876,0,0,0.0031160825186261876,0,-0,0.0031160825186261876,0,0
2020-09-24,632,2.414016,0,18.333333333333332,17.166666666666664,1,0.3209918838026269,0,13.284305996365017,491,OCSP.4,76.17881,1,0,0,1,0,0.003209918838026269,0,0,0.003209918838026269,0,-0,0.003209918838026269,0,0
2020-09-25,633,0.715264,0,16.666666666666668,15.833333333333336,1,0.31474847672763034,0,13.235449687934215,492,OCSP.4,76.17881,1,0,0,1,0,0.0031474847672763036,0,0,0.0031474847672763036,0,-0,0.0031474847672763036,0,0
2020-09-26,634,3.933952,0,19.444444444444443,18.055555555555557,1,0.4079551891149933,0,13.187931908501518,493,OCSP.4,76.17881,1,0,0,1,0,0.004079551891149933,0,0,0.004079551891149933,0,-0,0.004079551891149933,0,0
2020-09-27,635,6.079744,0,23.333333333333332,21.166666666666668,1,0.3360518933549327,0,13.187931908501518,494,OCSP.4,76.17881,1,0,0,1,0,0.0033605189335493267,0,0,0.0033605189335493267,0,-0,0.0033605189335493267,0,0
2020-09-28,636,3.933952,0.0762,22.77777777777778,20.722222222222225,1,0.40896085344985417,0,13.187931908501518,495,OCSP.4,76.17881,1,0,0,1,7.620000000000001e-4,0.0040896085344985416,0,0,0.0033276085344985415,0,-0,0.0033276085344985415,0,0
2020-09-29,637,4.828032,1.3462,20,18.5,1,0.6455156444221543,0,13.126320309109158,496,OCSP.4,76.17881,1,0,0,1,0.013462,0.0064551564442215425,0,0,-0.0070068435557784576,0,-0.0070068435557784576,0,0,-0.014013687111556917
2020-09-30,638,3.844544,3.8354,16.11111111111111,15.38888888888889,2,0.5811215794772208,0,13.165162404378254,497,OCSP.4,76.17881,1,0,0,1,0.038354,0.005811215794772208,0,0,-0.03254278420522779,0,-0.03254278420522779,0,0,-0.0650855684104556
2020-10-01,639,3.7551360000000003,0,15.555555555555555,14.944444444444445,2,0.43331177734816073,0,13.110917409261067,498,OCSP.4,76.17881,1,0,0,1,0,0.004333117773481607,0,0,0.004333117773481607,0,-0,0.004333117773481607,0,0
2020-10-02,640,1.296416,1.4224,11.11111111111111,11.38888888888889,3,0.500484226909865,0,13.091496361626518,499,OCSP.4,76.17881,1,0,0,1,0.014224,0.00500484226909865,0,0,-0.00921915773090135,0,-0.00921915773090135,0,0,-0.018438315461802704
2020-10-03,641,1.56464,0.3048,11.666666666666666,11.833333333333334,3,0.3920267561227946,0,13.091496361626518,500,OCSP.4,76.17881,1,0,0,1,0.0030480000000000004,0.003920267561227946,0,0,8.722675612279455e-4,0,-0,8.722675612279455e-4,0,0
2020-10-04,642,2.101088,0,11.666666666666666,11.833333333333334,3,0.4332235522109332,0,13.091496361626518,501,OCSP.4,76.17881,1,0,0,1,0,0.004332235522109333,0,0,0.004332235522109333,0,-0,0.004332235522109333,0,0
2020-10-05,643,1.922272,0,13.88888888888889,13.611111111111112,3,0.16436101401377895,0,13.047282165951199,502,OCSP.4,76.17881,1,0,0,1,0,0.0016436101401377896,0,0,0.0016436101401377896,0,-0,0.0016436101401377896,0,0
2020-10-06,644,5.185664,0,15,14.5,3,0.11653904022945967,0,12.99502902560764,503,OCSP.4,76.17881,1,0,0,1,0,0.0011653904022945966,0,0,0.0011653904022945966,0,-0,0.0011653904022945966,0,0
2020-10-07,645,6.169152,1.2446,13.88888888888889,13.611111111111112,3,0.24794101403004593,0,12.99502902560764,504,OCSP.4,76.17881,1,0,0,1,0.012445999999999999,0.0024794101403004592,0,0,-0.009966589859699539,0,-0.009966589859699539,0,0,-0.019933179719399077
2020-10-08,646,5.14096,0.6223,6.666666666666666,7.833333333333333,3,0.6351742823215082,0,12.99502902560764,505,OCSP.4,76.17881,1,0,0,1,0.006222999999999999,0.006351742823215082,0,0,1.287428232150823e-4,0,-0,1.287428232150823e-4,0,0
2020-10-09,647,3.486912,0,7.222222222222222,8.277777777777779,3,0.33000776907752727,0,12.99502902560764,506,OCSP.4,76.17881,1,0,0,1,0,0.0033000776907752727,0,0,0.0033000776907752727,0,-0,0.0033000776907752727,0,0
2020-10-10,648,7.8232,1.0413999999999999,17.77777777777778,16.72222222222222,3,0.44745969041274547,0,12.932688880849767,507,OCSP.4,76.17881,1,0,0,1,0.010414,0.004474596904127454,0,0,-0.005939403095872545,0,-0.005939403095872545,0,0,-0.01187880619174509
2020-10-11,649,3.7551360000000003,0,8.333333333333334,9.166666666666668,3,0.41666152846687243,0,12.898502349853516,508,OCSP.4,76.17881,1,0,0,1,0,0.004166615284668725,0,0,0.004166615284668725,0,-0,0.004166615284668725,0,0
2020-10-12,650,2.90576,0,8.333333333333334,9.166666666666668,3,0.45373898722103856,0,12.898502349853516,509,OCSP.4,76.17881,1,0,0,1,0,0.004537389872210386,0,0,0.004537389872210386,0,-0,0.004537389872210386,0,0
2020-10-13,651,2.771648,0.48260000000000003,10.555555555555555,10.944444444444445,3,0.6555262740167356,0,12.898502349853516,510,OCSP.4,76.17881,1,0,0,1,0.004826,0.006555262740167355,0,0,0.001729262740167355,0,-0,0.001729262740167355,0,0
2020-10-14,652,1.519936,0,12.777777777777777,12.722222222222221,2,0.43586596172931136,0,12.840835488872763,511,OCSP.4,76.17881,1,0,0,1,0,0.004358659617293113,0,0,0.004358659617293113,0,-0,0.004358659617293113,0,0
2020-10-15,653,5.856224,0.127,16.11111111111111,15.38888888888889,2,0.22939074823484712,0,12.801943884955511,512,OCSP.4,76.17881,1,0,0,1,0.00127,0.002293907482348471,0,0,0.001023907482348471,0,-0,0.001023907482348471,0,0
2020-10-16,654,1.296416,1.8288,10.555555555555555,10.944444444444445,3,0.10518571607560519,0,12.801943884955511,513,OCSP.4,76.17881,1,0,0,1,0.018288,0.001051857160756052,0,0,-0.017236142839243948,0,-0.017236142839243948,0,0,-0.034472285678487896
2020-10-17,655,1.922272,0,8.333333333333334,9.166666666666668,3,0.3051618391217311,0,12.769066993101143,514,OCSP.4,76.17881,1,0,0,1,0,0.003051618391217311,0,0,0.003051618391217311,0,-0,0.003051618391217311,0,0
2020-10-18,656,4.828032,0,8.88888888888889,9.61111111111111,3,0.8343778101870745,0,12.705326080322266,515,OCSP.4,76.17881,1,0,0,1,0,0.008343778101870744,0,0,0.008343778101870744,0,-0,0.008343778101870744,0,0
2020-10-19,657,5.14096,0.6604,13.333333333333332,13.166666666666666,3,0.11828190878975087,0,12.701299013914886,516,OCSP.4,76.17881,1,0,0,1,0.006604,0.0011828190878975086,0,0,-0.005421180912102491,0,-0.005421180912102491,0,0,-0.010842361824204982
2020-10-20,658,4.69392,0.1778,12.222222222222221,12.277777777777779,3,0.11069593675595993,0,12.615388263890774,517,OCSP.4,76.17881,1,0,0,1,0.001778,0.0011069593675595993,0,0,-6.710406324404007e-4,0,-6.710406324404007e-4,0,0,-0.0013420812648808015
2020-10-21,659,3.7104320000000004,0.5334,14.444444444444445,14.055555555555557,3,0.32169596121658905,0,12.60867648654514,518,OCSP.4,76.17881,1,0,0,1,0.005334,0.0032169596121658906,0,0,-0.0021170403878341096,0,-0.0021170403878341096,0,0,-0.004234080775668218
2020-10-22,660,1.028192,0.4572,11.666666666666666,11.833333333333334,2,0.5412259811266014,0,12.56502314850136,519,OCSP.4,76.17881,1,0,0,1,0.004572,0.0054122598112660136,0,0,8.402598112660139e-4,0,-0,8.402598112660139e-4,0,0
2020-10-23,661,6.25856,0.381,18.333333333333332,17.166666666666664,3,0.19172267785134994,0,12.511967553032768,520,OCSP.4,76.17881,1,0,0,1,0.00381,0.0019172267785134995,0,0,-0.0018927732214865005,0,-0.0018927732214865005,0,0,-0.003785546442973001
2020-10-24,662,7.197344,0.3048,12.222222222222221,12.277777777777779,2,0.2804838339625001,0,12.511967553032768,521,OCSP.4,76.17881,1,0,0,1,0.0030480000000000004,0.002804838339625001,0,0,-2.4316166037499946e-4,0,-2.4316166037499946e-4,0,0,-4.863233207499989e-4
2020-10-25,663,3.486912,0,4.444444444444445,6.055555555555555,2,0.2176014888808646,0,12.480392456054687,522,OCSP.4,76.17881,1,0,0,1,0,0.002176014888808646,0,0,0.002176014888808646,0,-0,0.002176014888808646,0,0
2020-10-26,664,3.084576,0.20320000000000002,6.111111111111111,7.388888888888889,2,0.5849657152716408,0,12.415226830376518,523,OCSP.4,76.17881,1,0,0,1,0.0020320000000000004,0.0058496571527164075,0,0,0.003817657152716407,0,-0,0.003817657152716407,0,0
2020-10-27,665,3.084576,0.025400000000000002,3.888888888888889,5.611111111111111,2,0.3365430880587247,0,12.345963642920976,524,OCSP.4,76.17881,1,0,0,1,2.5400000000000005e-4,0.0033654308805872468,0,0,0.003111430880587247,0,-0,0.003111430880587247,0,0
2020-10-28,666,3.039872,0.1905,6.666666666666666,7.833333333333333,2,0.22694263961375144,0,12.245768970913357,525,OCSP.4,76.17881,1,0,0,1,0.001905,0.0022694263961375145,0,0,3.6442639613751444e-4,0,-0,3.6442639613751444e-4,0,0
2020-10-29,667,2.414016,0.3556,5,6.5,2,0.12859063853096447,0,12.092974288963976,526,OCSP.4,76.17881,1,0,0,1,0.003556,0.0012859063853096447,0,0,-0.0022700936146903554,0,-0.0022700936146903554,0,0,-0.00454018722938071
2020-10-30,668,3.7551360000000003,0,-0.5555555555555556,2.0555555555555554,1,0.22258442877488527,0,11.845685199454978,527,OCSP.4,76.17881,1,0,0,1,0,0.0022258442877488528,0,0,0.0022258442877488528,0,-0,0.0022258442877488528,0,0
2020-10-31,669,3.12928,0,0,2.5,1,0.1910598206480395,0,11.675685688301368,528,OCSP.4,76.17881,1,0,0,1,0,0.001910598206480395,0,0,0.001910598206480395,0,-0,0.001910598206480395,0,0
2020-11-01,670,7.1079360000000005,0.3302,7.222222222222222,8.277777777777779,3,0.1208901446803365,0,11.491386879814995,529,OCSP.4,76.17881,1,0,0,1,0.003302,0.001208901446803365,0,0,-0.002093098553196635,0,-0.002093098553196635,0,0,-0.00418619710639327
2020-11-02,671,6.795007999999999,0.127,2.7777777777777777,4.722222222222222,3,0.22101655899600198,0,11.310782697465685,530,OCSP.4,76.17881,1,0,0,1,0.00127,0.0022101655899600197,0,0,9.401655899600196e-4,0,-0,9.401655899600196e-4,0,0
2020-11-03,672,5.409184,0.0762,0.5555555555555556,2.9444444444444446,3,0.3296642984980315,0,11.182176330943166,531,OCSP.4,76.17881,1,0,0,1,7.620000000000001e-4,0.0032966429849803154,0,0,0.0025346429849803153,0,-0,0.0025346429849803153,0,0
2020-11-04,673,6.5714879999999996,0.0381,6.111111111111111,7.388888888888889,2,0.316513403264581,0,10.937504856674758,532,OCSP.4,76.17881,1,0,0,1,3.8100000000000005e-4,0.00316513403264581,0,0,0.0027841340326458103,0,-0,0.0027841340326458103,0,-4.336808689942018e-19
2020-11-05,674,6.795007999999999,0,15.555555555555555,14.944444444444445,2,0.4054437552522029,0,10.76653605625953,533,OCSP.4,76.17881,1,0,0,1,0,0.004054437552522029,0,0,0.004054437552522029,0,-0,0.004054437552522029,0,0
2020-11-06,675,4.783328,0,16.666666666666668,15.833333333333336,2,0.22370851099325204,0,10.838488987934442,534,OCSP.4,76.17881,1,0,0,1,0,0.0022370851099325203,0,0,0.0022370851099325203,0,-0,0.0022370851099325203,0,0
2020-11-07,676,2.2799039999999997,0,14.444444444444445,14.055555555555557,2,0.47249384950642803,0,10.891415425288825,535,OCSP.4,76.17881,1,0,0,1,0,0.00472493849506428,0,0,0.00472493849506428,0,-0,0.00472493849506428,0,0
2020-11-08,677,1.4752319999999999,0,14.444444444444445,14.055555555555557,2,0.5044258173422407,0,10.915158530812205,536,OCSP.4,76.17881,1,0,0,1,0,0.005044258173422407,0,0,0.005044258173422407,0,-0,0.005044258173422407,0,0
2020-11-09,678,2.056384,0,12.777777777777777,12.722222222222221,1,0.560670469431663,0,10.87513443864422,537,OCSP.4,76.17881,1,0,0,1,0,0.00560670469431663,0,0,0.00560670469431663,0,-0,0.00560670469431663,0,0
2020-11-10,679,4.649216,0,15.555555555555555,14.944444444444445,1,0.49442479190569844,0,10.860210200886668,538,OCSP.4,76.17881,1,0,0,1,0,0.004944247919056985,0,0,0.004944247919056985,0,-0,0.004944247919056985,0,0
2020-11-11,680,6.526784,0.050800000000000005,17.77777777777778,16.72222222222222,1,0.2952260370937571,0,10.860888575330192,539,OCSP.4,76.17881,1,0,0,1,5.080000000000001e-4,0.002952260370937571,0,0,0.0024442603709375708,0,-0,0.0024442603709375708,0,0
2020-11-12,681,3.12928,0,7.777777777777778,8.722222222222221,1,0.3306827254240125,0,10.87242094087012,540,OCSP.4,76.17881,1,0,0,1,0,0.003306827254240125,0,0,0.003306827254240125,0,-0,0.003306827254240125,0,0
2020-11-13,682,2.414016,0.025400000000000002,1.6666666666666665,3.833333333333333,1,0.4990706291243372,0,10.86699394532192,541,OCSP.4,76.17881,1,0,0,1,2.5400000000000005e-4,0.004990706291243372,0,0,0.004736706291243372,0,-0,0.004736706291243372,0,0
2020-11-14,683,3.531616,0,1.6666666666666665,3.833333333333333,1,0.590625621999468,0,10.77467996397136,542,OCSP.4,76.17881,1,0,0,1,0,0.00590625621999468,0,0,0.00590625621999468,0,-0,0.00590625621999468,0,0
2020-11-15,684,3.308096,1.1684,1.6666666666666665,3.833333333333333,2,0.40714153906865597,0,10.599303436867984,543,OCSP.4,76.17881,1,0,0,1,0.011684000000000002,0.00407141539068656,0,0,-0.007612584609313442,0,-0.007612584609313442,0,0,-0.015225169218626886
2020-11-16,685,5.36448,0.20320000000000002,5.555555555555555,6.944444444444445,2,0.1426949206313596,0,10.072894685062362,544,OCSP.4,76.17881,1,0,0,1,0.0020320000000000004,0.001426949206313596,0,0,-6.050507936864043e-4,0,-6.050507936864043e-4,0,0,-0.001210101587372809
2020-11-17,686,4.69392,0.13546666666666668,1.1111111111111112,3.388888888888889,2,0.20426177823424188,0,9.946582081877155,545,OCSP.4,76.17881,1,0,0,1,0.0013546666666666668,0.0020426177823424188,0,0,6.87951115675752e-4,0,-0,6.87951115675752e-4,0,0
2020-11-18,687,4.9621439999999994,0.06773333333333335,-5,1,2,0.363745400849664,0,9.818769207707158,546,OCSP.4,76.17881,1,0,0,1,6.773333333333335e-4,0.00363745400849664,0,0,0.0029601206751633065,0,-0,0.0029601206751633065,0,0
2020-11-19,688,7.778496,0,0,2.5,2,0.3494439570144523,0,9.647015966015097,547,OCSP.4,76.17881,1,0,0,1,0,0.003494439570144523,0,0,0.003494439570144523,0,-0,0.003494439570144523,0,0
2020-11-20,689,6.526784,0,10.555555555555555,10.944444444444445,2,0.2777671538168563,0,9.489413411528975,548,OCSP.4,76.17881,1,0,0,1,0,0.002777671538168563,0,0,0.002777671538168563,0,-0,0.002777671538168563,0,0
2020-11-21,690,4.112768,0,7.222222222222222,8.277777777777779,2,0.5398885724811642,0,9.44004637223703,549,OCSP.4,76.17881,1,0,0,1,0,0.005398885724811642,0,0,0.005398885724811642,0,-0,0.005398885724811642,0,0
2020-11-22,691,1.56464,0.2794,1.1111111111111112,3.388888888888889,2,0.15522564310501918,0,9.398210931707311,550,OCSP.4,76.17881,1,0,0,1,0.0027939999999999996,0.0015522564310501918,0,0,-0.0012417435689498079,0,-0.0012417435689498079,0,0,-0.0024834871378996153
2020-11-23,692,4.828032,0.5588,4.444444444444445,6.055555555555555,2,0.016275358795577503,0,9.177040067719824,551,OCSP.4,76.17881,1,0,0,1,0.005587999999999999,1.6275358795577504e-4,0,0,-0.005425246412044224,0,-0.005425246412044224,0,0,-0.010850492824088448
2020-11-24,693,4.872736,0.3937,-1.6666666666666665,1.1666666666666667,3,0.572846979353885,0,9.032621162909049,552,OCSP.4,76.17881,1,0,0,1,0.0039369999999999995,0.005728469793538849,0,0,0.0017914697935388496,0,-0,0.0017914697935388496,0,0
2020-11-25,694,3.3975039999999996,0.2286,1.6666666666666665,3.833333333333333,3,0.588819876098798,0,8.785269481164438,553,OCSP.4,76.17881,1,0,0,1,0.002286,0.005888198760987981,0,0,0.003602198760987981,0,-0,0.003602198760987981,0,0
2020-11-26,695,1.922272,0.635,7.777777777777778,8.722222222222221,3,0.36578122357372667,0,8.681074130682298,554,OCSP.4,76.17881,1,0,0,1,0.00635,0.003657812235737267,0,0,-0.002692187764262733,0,-0.002692187764262733,0,0,-0.005384375528525467
2020-11-27,696,1.296416,0.40640000000000004,7.222222222222222,8.277777777777779,3,0.46618310725251444,0,8.820461549876649,555,OCSP.4,76.17881,1,0,0,1,0.004064000000000001,0.004661831072525145,0,0,5.978310725251439e-4,0,-0,5.978310725251439e-4,0,0
2020-11-28,697,1.251712,0.1778,4.444444444444445,6.055555555555555,3,0.47363931796341047,0,8.81908145951636,556,OCSP.4,76.17881,1,0,0,1,0.001778,0.004736393179634105,0,0,0.0029583931796341046,0,-0,0.0029583931796341046,0,0
2020-11-29,698,3.6657279999999997,0,4.444444444444445,6.055555555555555,3,0.20469972043512263,0,8.645859073709557,557,OCSP.4,76.17881,1,0,0,1,0,0.0020469972043512265,0,0,0.0020469972043512265,0,-0,0.0020469972043512265,0,0
2020-11-30,699,2.548128,1.7018000000000002,6.111111111111111,7.388888888888889,3,0.24010718832826616,0,8.433645801779663,558,OCSP.4,76.17881,1,0,0,1,0.017018000000000002,0.0024010718832826617,0,0,-0.01461692811671734,0,-0.01461692811671734,0,0,-0.029233856233434684
2020-12-01,700,4.69392,0.20320000000000002,12.222222222222221,12.277777777777779,3,0.2035847239534374,0,8.565684483375078,559,OCSP.4,76.17881,1,0,0,1,0.0020320000000000004,0.002035847239534374,0,0,3.847239534373638e-6,0,-0,3.847239534373638e-6,0,0
2020-12-02,701,5.722112,0.0762,2.7777777777777777,4.722222222222222,3,0.150332047315234,0,8.373228282104304,560,OCSP.4,76.17881,1,0,0,1,7.620000000000001e-4,0.00150332047315234,0,0,7.4132047315234e-4,0,-0,7.4132047315234e-4,0,0
2020-12-03,702,5.051552,0,2.7777777777777777,4.722222222222222,3,0.3792839370243683,0,7.779147315908361,561,OCSP.4,76.17881,1,0,0,1,0,0.003792839370243683,0,0,0.003792839370243683,0,-0,0.003792839370243683,0,0
2020-12-04,703,3.844544,0.050800000000000005,6.111111111111111,7.388888888888889,3,0.29050739274184645,0,7.552660026668031,562,OCSP.4,76.17881,1,0,0,1,5.080000000000001e-4,0.0029050739274184643,0,0,0.002397073927418464,0,-0,0.002397073927418464,0,0
2020-12-05,704,5.722112,0.050800000000000005,1.6666666666666665,3.833333333333333,3,0.46641135456213184,0,7.466086134498502,563,OCSP.4,76.17881,1,0,0,1,5.080000000000001e-4,0.004664113545621318,0,0,0.0041561135456213184,0,-0,0.0041561135456213184,0,0
2020-12-06,705,6.48208,0.050800000000000005,-1.1111111111111112,1.6111111111111112,3,0.4068795588205189,0,7.222047352496489,564,OCSP.4,76.17881,1,0,0,1,5.080000000000001e-4,0.0040687955882051895,0,0,0.0035607955882051893,0,-0,0.0035607955882051893,0,0
2020-12-07,706,4.02336,0.050800000000000005,-2.7777777777777777,1,3,0.319478828206606,0,7.1106786639602095,565,OCSP.4,76.17881,1,0,0,1,5.080000000000001e-4,0.0031947882820660602,0,0,0.00268678828206606,0,-0,0.00268678828206606,0,0
2020-12-08,707,3.621024,0.050800000000000005,-4.444444444444445,1,3,0.27484524971321184,0,7.094560552526403,566,OCSP.4,76.17881,1,0,0,1,5.080000000000001e-4,0.002748452497132118,0,0,0.002240452497132118,0,-0,0.002240452497132118,0,0
2020-12-09,708,3.7551360000000003,0.2794,-2.2222222222222223,1,3,0.39911180522552503,0,7.100165685017903,567,OCSP.4,76.17881,1,0,0,1,0.0027939999999999996,0.003991118052255251,0,0,0.001197118052255251,0,-0,0.001197118052255251,0,0
2020-12-10,709,2.503424,0.1397,1.1111111111111112,3.388888888888889,3,0.23414124077125362,0,7.103673926106206,568,OCSP.4,76.17881,1,0,0,1,0.0013969999999999998,0.0023414124077125362,0,0,9.444124077125364e-4,0,-0,9.444124077125364e-4,0,0
2020-12-11,710,2.771648,0,3.333333333333333,5.166666666666666,3,0.20216423027198926,0,7.070012931470518,569,OCSP.4,76.17881,1,0,0,1,0,0.0020216423027198927,0,0,0.0020216423027198927,0,-0,0.0020216423027198927,0,0
2020-12-12,711,2.01168,0.10160000000000001,4.444444444444445,6.055555555555555,2,0.13713037483963228,0,6.998459762997097,570,OCSP.4,76.17881,1,0,0,1,0.0010160000000000002,0.0013713037483963227,0,0,3.553037483963225e-4,0,-0,3.553037483963225e-4,0,0
2020-12-13,712,4.336288,0,5.555555555555555,6.944444444444445,2,0.10445036317290694,0,7.1260921307552,571,OCSP.4,76.17881,1,0,0,1,0,0.0010445036317290695,0,0,0.0010445036317290695,0,-0,0.0010445036317290695,0,0
2020-12-14,713,2.503424,0,0.5555555555555556,2.9444444444444446,1,0.11733801900136612,0,7.078560606755034,572,OCSP.4,76.17881,1,0,0,1,0,0.0011733801900136612,0,0,0.0011733801900136612,0,-0,0.0011733801900136612,0,0
