date,days_elapsed,Uw,ip,Tair,Twater,amc,ET
2019-01-01,0,7.331455999999999,0.3556,-0.5555555555555556,2.0555555555555554,2,0.188292966794538
2019-01-02,1,1.8775680000000001,0.26670000000000005,-7.222222222222222,1,2,0.08580499754910531
2019-01-03,2,1.8775680000000001,0.1778,-2.2222222222222223,1,2,0.07490064753507632
2019-01-04,3,4.4704,0.0889,2.2222222222222223,4.277777777777778,2,0.187578974529695
2019-01-05,4,1.430528,0,0,2.5,2,0.0626255925430558
2019-01-06,5,6.5714879999999996,0.1778,-3.333333333333333,1,2,0.1671059402059965
2019-01-07,6,3.3975039999999996,0,-10,1,2,0.11538993124436228
2019-01-08,7,5.766816,0.6604,-1.6666666666666665,1.1666666666666667,2,0.20860711423577194
2019-01-09,8,3.621024,0.9398,0,2.5,2,0.08656278172533959
2019-01-10,9,7.242048,0.025400000000000002,-5.555555555555555,1,2,0.13297737960843065
2019-01-11,10,5.096256,0.012700000000000001,-12.222222222222221,1,2,0.09397471099451571
2019-01-12,11,1.4752319999999999,0,-14.444444444444445,1,2,0.06257436231195898
2019-01-13,12,1.609344,0,-15.555555555555555,1,2,0.039780852946998915
2019-01-14,13,0.759968,0.008466666666666666,-13.88888888888889,1,2,0.029629146530255807
2019-01-15,14,2.8163519999999997,0.01693333333333333,-8.333333333333334,1,2,0.07976666271805788
2019-01-16,15,5.9009279999999995,0.025400000000000002,-5.555555555555555,1,2,0.1866372968215325
2019-01-17,16,1.56464,0,-12.777777777777777,1,2,0.07384619242097848
2019-01-18,17,5.2303679999999995,0.050800000000000005,-4.444444444444445,1,2,0.16217060080972892
2019-01-19,18,4.4704,0.4318,-13.333333333333332,1,2,0.09603104534806987
2019-01-20,19,4.91744,1.27,-18.333333333333332,1,3,0.04144026335685516
2019-01-21,20,5.945632,0.381,-18.88888888888889,1,3,0.06472354849974504
2019-01-22,21,2.190496,0,-17.22222222222222,1,3,0.07450868098148974
2019-01-23,22,8.002016,0.0762,-2.2222222222222223,1,2,0.2827201500750379
2019-01-24,23,4.604512000000001,2.5908,2.2222222222222223,4.277777777777778,3,0.12090812479662716
2019-01-25,24,4.291583999999999,0.050800000000000005,-2.7777777777777777,1,3,0.15839325300640356
2019-01-26,25,1.8328639999999998,0.025400000000000002,-10,1,3,0.07587529150571523
2019-01-27,26,4.02336,0.381,-7.222222222222222,1,3,0.1566886574497719
2019-01-28,27,3.79984,0,-12.222222222222221,1,3,0.13001358941239646
2019-01-29,28,4.02336,0.3556,-9.444444444444445,1,3,0.13560063062693134
2019-01-30,29,3.889248,0.381,-10,1,3,0.1291281269369518
2019-01-31,30,6.48208,0.1905,-15,1,3,0.08382250792079028
2019-02-01,31,3.173984,0,-12.777777777777777,1,3,0.11899017815463586
2019-02-02,32,2.7269439999999996,0.2286,-13.333333333333332,1,3,0.09661832484550638
2019-02-03,33,1.430528,0.2794,-1.6666666666666665,1.1666666666666667,3,0.08244986122113994
2019-02-04,34,2.861056,0.025400000000000002,5.555555555555555,6.944444444444445,3,0.16446122791723924
2019-02-05,35,6.169152,0.1524,2.7777777777777777,4.722222222222222,3,0.29892656563456405
2019-02-06,36,2.90576,0.8636,-3.333333333333333,1,3,0.11357080363511667
2019-02-07,37,2.45872,0.1778,0.5555555555555556,2.9444444444444446,3,0.05874225461699276
2019-02-08,38,7.689088,0.0889,1.6666666666666665,3.833333333333333,3,0.3292707855193863
2019-02-09,39,5.722112,0,-6.111111111111111,1,3,0.2322741545607449
2019-02-10,40,3.486912,0,-5.555555555555555,1,2,0.10302245618052559
2019-02-11,41,2.7269439999999996,0,-9.444444444444445,1,2,0.11919296297040487
2019-02-12,42,1.207008,1.2954,-11.11111111111111,1,3,0.06800267401941976
2019-02-13,43,1.609344,0.8889999999999999,-2.7777777777777777,1,3,0.09195766394488328
2019-02-14,44,2.861056,0.5969,-3.888888888888889,1,3,0.17381306944825942
2019-02-15,45,3.486912,0.3048,1.6666666666666665,3.833333333333333,3,0.21267024582857066
2019-02-16,46,4.604512000000001,0.1524,-3.333333333333333,1,3,0.2370020882338669
2019-02-17,47,2.056384,0,-9.444444444444445,1,3,0.10176748826459922
2019-02-18,48,3.3975039999999996,0.2794,-12.777777777777777,1,3,0.08970637754603679
2019-02-19,49,2.1457919999999997,0,-11.666666666666666,1,3,0.11081838792817775
2019-02-20,50,2.414016,0.050800000000000005,-11.11111111111111,1,3,0.11075350206663943
2019-02-21,51,5.677408,0.3556,0,2.5,3,0.20457752656566427
2019-02-22,52,2.6375360000000003,0.5418666666666666,-2.2222222222222223,1,3,0.17393580584363766
2019-02-23,53,0.67056,0.7281333333333332,-3.333333333333333,1,3,0.0881944930273738
2019-02-24,54,4.4704,0.9144,2.2222222222222223,4.277777777777778,3,0.20812020457305955
2019-02-25,55,8.225536,0.4572,-2.2222222222222223,1,3,0.27303361151182853
2019-02-26,56,6.795007999999999,0,-11.11111111111111,1,3,0.17627883481901646
2019-02-27,57,1.609344,0.0762,-15.555555555555555,1,3,0.06781339215435243
2019-02-28,58,2.056384,0.050800000000000005,-10.555555555555555,1,3,0.12415800037884976
2019-03-01,59,1.251712,0,-7.222222222222222,1,3,0.13023991602993232
2019-03-02,60,2.324608,0.050800000000000005,-2.7777777777777777,1,3,0.17771647654483644
2019-03-03,61,1.56464,0.10160000000000001,-2.2222222222222223,1,3,0.12358973919167433
2019-03-04,62,3.79984,0.1524,-4.444444444444445,1,3,0.16561455505376063
2019-03-05,63,3.084576,0.0889,-8.333333333333334,1,3,0.1445097278751125
2019-03-06,64,3.6657279999999997,0.025400000000000002,-10,1,3,0.14203285905960616
2019-03-07,65,2.324608,0.012700000000000001,-10,1,3,0.11361060236037224
2019-03-08,66,3.308096,0,-8.88888888888889,1,2,0.18079908904104514
2019-03-09,67,2.324608,0,-4.444444444444445,1,2,0.2024056749778556
2019-03-10,68,4.828032,0.254,-2.7777777777777777,1,2,0.21490894380129255
2019-03-11,69,5.543296,0.1778,1.6666666666666665,3.833333333333333,1,0.24214686839907457
2019-03-12,70,4.380992,0,-2.7777777777777777,1,1,0.23423875517732076
2019-03-13,71,2.90576,0.8128000000000001,-2.2222222222222223,1,2,0.45066288582638786
2019-03-14,72,3.486912,0,6.111111111111111,7.388888888888889,2,0.45753524597521744
2019-03-15,73,5.453887999999999,0.3048,10.555555555555555,10.944444444444445,2,0.5883225529368176
2019-03-16,74,5.275072000000001,0.050800000000000005,2.7777777777777777,4.722222222222222,2,0.31002065168119064
2019-03-17,75,4.4704,0.025400000000000002,-2.7777777777777777,1,2,0.6375345998824578
2019-03-18,76,2.056384,0,-2.7777777777777777,1,2,0.1596244872611799
2019-03-19,77,1.4752319999999999,0,-2.2222222222222223,1,2,0.49922457566164197
2019-03-20,78,3.12928,0,1.6666666666666665,3.833333333333333,2,0.6446401531751272
2019-03-21,79,5.766816,0.127,6.111111111111111,7.388888888888889,2,0.38158451502872254
2019-03-22,80,4.69392,2.7178,1.6666666666666665,3.833333333333333,3,0.09757523125298376
2019-03-23,81,5.096256,0.3048,-2.2222222222222223,1,3,0.77743504419086
2019-03-24,82,3.3975039999999996,0.0762,0,2.5,3,0.5920497082800864
2019-03-25,83,3.308096,0,-2.2222222222222223,1,3,0.8037198006838648
2019-03-26,84,3.084576,0,-2.2222222222222223,1,3,0.29973777730084017
2019-03-27,85,3.442208,0,-0.5555555555555556,2.0555555555555554,3,0.6149615435039543
2019-03-28,86,8.180832,0,5.555555555555555,6.944444444444445,3,0.604006824813878
2019-03-29,87,3.531616,0,5,6.5,3,0.4252759865656316
2019-03-30,88,3.308096,0.381,7.777777777777778,8.722222222222221,3,0.30482466122028573
2019-03-31,89,5.6327039999999995,0.762,8.333333333333334,9.166666666666668,3,0.522848997773114
2019-04-01,90,5.9009279999999995,0.381,0.5555555555555556,2.9444444444444446,3,0.9012370226462674
2019-04-02,91,5.051552,0,4.444444444444445,6.055555555555555,3,0.5394342267999308
2019-04-03,92,6.124447999999999,0,7.777777777777778,8.722222222222221,3,0.6178536469685123
2019-04-04,93,6.437376,0,1.1111111111111112,3.388888888888889,3,0.41950386796457756
2019-04-05,94,4.068064,0.254,0,2.5,2,0.36810127871204135
2019-04-06,95,2.9504639999999998,0.2159,6.111111111111111,7.388888888888889,2,0.27875891901492944
2019-04-07,96,1.0728959999999998,0.1778,5.555555555555555,6.944444444444445,2,0.21571097133489622
2019-04-08,97,3.978656,0.508,5.555555555555555,6.944444444444445,2,0.3279051319967828
2019-04-09,98,3.173984,0.5334,1.6666666666666665,3.833333333333333,3,0.1587394205691436
2019-04-10,99,4.291583999999999,0.025400000000000002,1.6666666666666665,3.833333333333333,3,0.5025783302537172
2019-04-11,100,1.966976,0,3.333333333333333,5.166666666666666,3,0.351148649686959
2019-04-12,101,5.453887999999999,0.2286,8.88888888888889,9.61111111111111,3,0.5056907689047857
2019-04-13,102,4.4704,0.050800000000000005,16.11111111111111,15.38888888888889,3,0.8221795501276221
2019-04-14,103,2.2799039999999997,0.6096,7.222222222222222,8.277777777777779,3,0.6792491508795603
2019-04-15,104,5.14096,0.762,8.333333333333334,9.166666666666668,3,0.218163113843561
2019-04-16,105,5.14096,0,6.111111111111111,7.388888888888889,3,0.44057771373943727
2019-04-17,106,1.609344,0,7.222222222222222,8.277777777777779,3,0.42594000344250926
2019-04-18,107,7.778496,0.41910000000000003,8.333333333333334,9.166666666666668,3,0.6820961964648355
2019-04-19,108,6.660896,0.8382000000000001,14.444444444444445,14.055555555555557,3,0.6486861279591116
2019-04-20,109,2.503424,1.8796,8.88888888888889,9.61111111111111,3,0.16287066571738446
2019-04-21,110,4.112768,0,17.22222222222222,16.27777777777778,3,0.5758576661491573
2019-04-22,111,5.14096,0,15,14.5,3,0.6764292930068663
2019-04-23,112,3.12928,0.5334,14.444444444444445,14.055555555555557,3,0.6338551603205063
2019-04-24,113,3.263392,0.1524,11.11111111111111,11.38888888888889,3,0.5631146261514125
2019-04-25,114,1.6987519999999998,0,10.555555555555555,10.944444444444445,3,0.2890262606928268
2019-04-26,115,5.096256,0.8382000000000001,9.444444444444445,10.055555555555557,3,0.41010704927895814
2019-04-27,116,3.844544,1.5748,6.666666666666666,7.833333333333333,3,0.3174477460195203
2019-04-28,117,3.7104320000000004,0,7.222222222222222,8.277777777777779,3,0.3368478840398265
2019-04-29,118,3.57632,0,5.555555555555555,6.944444444444445,3,0.5202982135160021
2019-04-30,119,2.9504639999999998,0.20320000000000002,8.88888888888889,9.61111111111111,3,0.4465829002603723
2019-05-01,120,2.1457919999999997,0.40640000000000004,6.666666666666666,7.833333333333333,3,0.389155221250232
2019-05-02,121,2.503424,0.1778,6.666666666666666,7.833333333333333,3,0.21802995973869366
2019-05-03,122,2.2352,0.7365999999999999,10.555555555555555,10.944444444444445,3,0.20252988779287615
2019-05-04,123,2.190496,0.025400000000000002,11.666666666666666,11.833333333333334,2,0.19593630895841294
2019-05-05,124,2.2352,0,12.777777777777777,12.722222222222221,2,0.40118262308262365
2019-05-06,125,1.966976,0,16.666666666666668,15.833333333333336,2,0.49873211871905215
2019-05-07,126,2.995168,0.762,13.333333333333332,13.166666666666666,2,0.6452008745903345
2019-05-08,127,4.291583999999999,0,8.333333333333334,9.166666666666668,2,0.5051974900569128
2019-05-09,128,2.6375360000000003,1.6002,9.444444444444445,10.055555555555557,3,0.4616961471934865
2019-05-10,129,5.856224,3.2004,13.333333333333332,13.166666666666666,3,0.6054219213409774
2019-05-11,130,4.112768,0.025400000000000002,10,10.5,3,0.5540783216346762
2019-05-12,131,1.4752319999999999,0,10,10.5,3,0.3504782736343577
2019-05-13,132,3.084576,0.5334,11.11111111111111,11.38888888888889,3,0.4376023405035996
2019-05-14,133,1.78816,0.4572,7.777777777777778,8.722222222222221,3,0.36449208186841525
2019-05-15,134,3.3975039999999996,0.4487333333333333,11.11111111111111,11.38888888888889,3,0.44915660448724193
2019-05-16,135,1.519936,0.4402666666666667,12.777777777777777,12.722222222222221,3,0.3684573926309408
2019-05-17,136,4.828032,0.4318,17.22222222222222,16.27777777777778,3,0.5444682727514949
2019-05-18,137,2.9504639999999998,0,14.444444444444445,14.055555555555557,3,0.6809689325781985
2019-05-19,138,2.771648,1.7272,18.333333333333332,17.166666666666664,3,0.5476401794687317
2019-05-20,139,5.14096,0.381,18.88888888888889,17.611111111111114,3,0.5759329288272315
2019-05-21,140,6.3032639999999995,0.025400000000000002,12.777777777777777,12.722222222222221,3,0.7653956291648032
2019-05-22,141,3.442208,0.11430000000000001,12.777777777777777,12.722222222222221,3,0.6455763987608704
2019-05-23,142,4.91744,0.20320000000000002,17.22222222222222,16.27777777777778,3,0.6499857358728338
2019-05-24,143,4.425696,0.1524,13.333333333333332,13.166666666666666,2,0.6865116290988069
2019-05-25,144,4.068064,2.3368,13.88888888888889,13.611111111111112,3,0.48403138845336696
2019-05-26,145,4.425696,0.20320000000000002,20.555555555555554,18.944444444444443,3,0.7269245200649395
2019-05-27,146,3.12928,0,13.88888888888889,13.611111111111112,3,0.7135327526647053
2019-05-28,147,1.78816,1.2446,9.444444444444445,10.055555555555557,3,0.36850880002332037
2019-05-29,148,1.78816,0,12.777777777777777,12.722222222222221,3,0.29646903632639204
2019-05-30,149,4.380992,0,16.666666666666668,15.833333333333336,3,0.48731001718831424
2019-05-31,150,3.173984,0.050800000000000005,14.444444444444445,14.055555555555557,3,0.7295001443382229
2019-06-01,151,1.743456,0.050800000000000005,15,14.5,3,0.41421077560198005
2019-06-02,152,3.978656,1.4478,17.22222222222222,16.27777777777778,3,0.537450915412849
2019-06-03,153,3.621024,0.7874,12.777777777777777,12.722222222222221,3,0.6450478339558641
2019-06-04,154,3.308096,0.127,12.777777777777777,12.722222222222221,3,0.47505463891298605
2019-06-05,155,1.6987519999999998,2.032,16.11111111111111,15.38888888888889,3,0.5373481521916406
2019-06-06,156,3.084576,0.254,17.77777777777778,16.72222222222222,3,0.5666453451615646
2019-06-07,157,1.8775680000000001,0,18.333333333333332,17.166666666666664,3,0.5572042268825764
2019-06-08,158,2.503424,0,17.22222222222222,16.27777777777778,3,0.7653476311282306
2019-06-09,159,2.771648,0,19.444444444444443,18.055555555555557,3,0.7824832462887406
2019-06-10,160,4.157472,0.10160000000000001,23.88888888888889,21.61111111111111,3,1.135434975385159
2019-06-11,161,3.978656,1.651,16.666666666666668,15.833333333333336,3,0.7153707151294523
2019-06-12,162,2.369312,0,16.666666666666668,15.833333333333336,3,0.6071286198182266
2019-06-13,163,4.24688,0.1143,16.11111111111111,15.38888888888889,3,0.8571872237397269
2019-06-14,164,4.24688,0.2286,16.666666666666668,15.833333333333336,3,0.5710091549638042
2019-06-15,165,5.185664,0.2286,20,18.5,3,0.7664447243422214
2019-06-16,166,1.78816,0,18.333333333333332,17.166666666666664,3,0.6031511397178984
2019-06-17,167,1.609344,0,17.22222222222222,16.27777777777778,2,0.4964145165015011
2019-06-18,168,1.430528,1.1853333333333331,20.555555555555554,18.944444444444443,3,0.5415169343264427
2019-06-19,169,2.9504639999999998,2.3706666666666663,22.22222222222222,20.27777777777778,3,0.6187671021710769
2019-06-20,170,3.486912,3.5559999999999996,19.444444444444443,18.055555555555557,3,0.5084091590233093
2019-06-21,171,5.409184,1.7779999999999998,20.555555555555554,18.944444444444443,3,0.6660140804592134
2019-06-22,172,3.6657279999999997,0,19.444444444444443,18.055555555555557,3,0.7551139313808723
2019-06-23,173,3.442208,0,20.555555555555554,18.944444444444443,3,0.8146832237265326
2019-06-24,174,1.4752319999999999,0,20,18.5,3,0.7441478179335789
2019-06-25,175,1.8775680000000001,0.8889999999999999,21.11111111111111,19.38888888888889,3,0.5583102929490397
2019-06-26,176,2.190496,0.4318,23.88888888888889,21.61111111111111,3,0.6013371669118661
2019-06-27,177,1.922272,0,23.88888888888889,21.61111111111111,3,0.6616874833399088
2019-06-28,178,2.2799039999999997,0.635,24.444444444444443,22.055555555555557,3,0.6939265128311214
2019-06-29,179,2.2352,1.016,22.77777777777778,20.722222222222225,3,0.7806887949197423
2019-06-30,180,3.218688,0.025400000000000002,20,18.5,3,0.5104870006034554
2019-07-01,181,1.385824,0,21.666666666666668,19.833333333333336,3,0.55731978317593
2019-07-02,182,2.324608,0,24.444444444444443,22.055555555555557,3,0.61325892573366
2019-07-03,183,1.4752319999999999,0,25,22.5,3,0.5698842744320552
2019-07-04,184,1.385824,0,25,22.5,2,0.5889552647539509
2019-07-05,185,4.02336,0,25.555555555555554,22.944444444444443,1,0.8310454335000316
2019-07-06,186,3.531616,0.3556,26.11111111111111,23.38888888888889,1,0.8505588384981804
2019-07-07,187,3.3975039999999996,0,19.444444444444443,18.055555555555557,1,0.7055251198066863
2019-07-08,188,1.743456,0,20.555555555555554,18.944444444444443,1,0.6419132172377057
2019-07-09,189,1.8775680000000001,0,22.22222222222222,20.27777777777778,1,0.6621117351825758
2019-07-10,190,1.654048,0,24.444444444444443,22.055555555555557,1,0.6915111235436047
2019-07-11,191,3.933952,1.651,25,22.5,2,0.9145714452765628
2019-07-12,192,1.8775680000000001,0.7112,23.333333333333332,21.166666666666668,2,0.5179778745616025
2019-07-13,193,2.503424,0.10160000000000001,23.333333333333332,21.166666666666668,1,0.4714789344207865
2019-07-14,194,3.57632,0,22.77777777777778,20.722222222222225,1,0.606236378118701
2019-07-15,195,1.8328639999999998,0,21.11111111111111,19.38888888888889,1,0.6995465321136183
2019-07-16,196,3.57632,0.4318,22.22222222222222,20.27777777777778,1,0.6137036886829951
2019-07-17,197,3.442208,0.8636,24.444444444444443,22.055555555555557,2,0.6301257724731723
2019-07-18,198,2.01168,0,23.333333333333332,21.166666666666668,2,0.44503762623713766
2019-07-19,199,3.889248,0,27.22222222222222,24.27777777777778,2,0.7917034244952605
2019-07-20,200,2.6375360000000003,0,28.333333333333332,25.166666666666668,2,0.6911540761035173
2019-07-21,201,2.8163519999999997,0.1778,27.22222222222222,24.27777777777778,2,0.778552099787846
2019-07-22,202,1.34112,0.025400000000000002,20.555555555555554,18.944444444444443,2,0.5028051876319839
2019-07-23,203,1.430528,0.012700000000000001,22.77777777777778,20.722222222222225,2,0.3843780484314961
2019-07-24,204,1.8775680000000001,0,21.11111111111111,19.38888888888889,2,0.5189480908069838
2019-07-25,205,2.190496,0,21.666666666666668,19.833333333333336,1,0.5037918163828237
2019-07-26,206,1.922272,0,23.88888888888889,21.61111111111111,1,0.6757539678046656
2019-07-27,207,2.771648,0.40640000000000004,25,22.5,1,0.7108771634650781
2019-07-28,208,4.068064,0.8128000000000001,26.666666666666664,23.833333333333332,1,1.0262049887870321
2019-07-29,209,2.2352,0,26.666666666666664,23.833333333333332,1,0.6221339558564261
2019-07-30,210,4.649216,0.0762,27.77777777777778,24.722222222222225,1,1.0297328702308024
2019-07-31,211,2.861056,0.1524,24.444444444444443,22.055555555555557,1,0.5657162199598449
2019-08-01,212,1.78816,0,21.666666666666668,19.833333333333336,1,0.545968625778369
2019-08-02,213,1.56464,0,21.11111111111111,19.38888888888889,1,0.5608730639378955
2019-08-03,214,1.966976,0,22.77777777777778,20.722222222222225,1,0.6538454805776023
2019-08-04,215,3.039872,0,20,18.5,1,0.794382472214792
2019-08-05,216,1.922272,0,19.444444444444443,18.055555555555557,1,0.5371506743566584
2019-08-06,217,4.24688,0.0762,23.88888888888889,21.61111111111111,1,0.9287215163215207
2019-08-07,218,3.263392,2.54,25.555555555555554,22.944444444444443,2,0.6966975509292639
2019-08-08,219,3.3975039999999996,0.6858000000000001,25,22.5,2,0.5046687228075774
2019-08-09,220,3.531616,0.10160000000000001,22.77777777777778,20.722222222222225,2,0.8447650444881505
2019-08-10,221,3.621024,0.1524,18.333333333333332,17.166666666666664,2,0.5509226403571776
2019-08-11,222,2.503424,0,20,18.5,2,0.5925792954665626
2019-08-12,223,3.7551360000000003,0,23.333333333333332,21.166666666666668,2,0.8358991451905593
2019-08-13,224,2.414016,0,22.22222222222222,20.27777777777778,2,0.5512771240286893
2019-08-14,225,2.056384,0,20,18.5,2,1.0849073597301004
2019-08-15,226,1.609344,0,20,18.5,2,0.4839702997688099
2019-08-16,227,3.084576,0.025400000000000002,22.22222222222222,20.27777777777778,2,0.5672342345262217
2019-08-17,228,3.486912,0.5842,24.444444444444443,22.055555555555557,2,0.6070135455500806
2019-08-18,229,2.995168,0,23.333333333333332,21.166666666666668,2,0.4358231876799069
2019-08-19,230,4.202176,0.1778,25.555555555555554,22.944444444444443,2,0.8298998033897942
2019-08-20,231,1.609344,0,22.22222222222222,20.27777777777778,2,0.5639226504201573
2019-08-21,232,2.2799039999999997,1.8288,20.555555555555554,18.944444444444443,2,0.6437271674993389
2019-08-22,233,3.3975039999999996,0,22.22222222222222,20.27777777777778,1,0.6511098233204815
2019-08-23,234,2.90576,0,18.88888888888889,17.611111111111114,1,0.5881272936162194
2019-08-24,235,1.966976,0,16.11111111111111,15.38888888888889,1,0.5176747644571467
2019-08-25,236,1.296416,0,18.88888888888889,17.611111111111114,1,0.3855782659250608
2019-08-26,237,1.385824,0,18.333333333333332,17.166666666666664,1,0.5074530169900074
2019-08-27,238,3.263392,0,18.88888888888889,17.611111111111114,1,0.5303534580375753
2019-08-28,239,4.068064,0.8636,22.77777777777778,20.722222222222225,1,0.7160514288027917
2019-08-29,240,1.78816,0,20.555555555555554,18.944444444444443,1,0.3673288709425918
2019-08-30,241,4.872736,0,22.22222222222222,20.27777777777778,1,0.704169988650387
2019-08-31,242,2.771648,0,18.333333333333332,17.166666666666664,1,0.7460268762860918
2019-09-01,243,2.861056,0.254,17.77777777777778,16.72222222222222,1,0.49061722155299503
2019-09-02,244,4.559807999999999,2.9463999999999997,17.22222222222222,16.27777777777778,3,0.6586181694773711
2019-09-03,245,2.190496,0.0762,17.77777777777778,16.72222222222222,3,0.3424921910524499
2019-09-04,246,6.973824,0.48260000000000003,21.11111111111111,19.38888888888889,2,0.6741203749789044
2019-09-05,247,1.385824,0,17.22222222222222,16.27777777777778,2,0.6534051815734975
2019-09-06,248,2.101088,0,17.77777777777778,16.72222222222222,2,0.4183565439971376
2019-09-07,249,2.190496,1.7526,17.77777777777778,16.72222222222222,3,0.5344933736063516
2019-09-08,250,3.084576,0,16.666666666666668,15.833333333333336,3,0.409050734533731
2019-09-09,251,2.056384,0,15,14.5,3,0.38604433124540016
2019-09-10,252,4.112768,0.0762,16.11111111111111,15.38888888888889,3,0.4755785747592835
2019-09-11,253,5.006848,0.0762,20.555555555555554,18.944444444444443,3,0.6297187252594496
2019-09-12,254,3.621024,0.0381,15,14.5,3,0.7739308120380308
2019-09-13,255,3.308096,0,13.88888888888889,13.611111111111112,3,0.40071738438562976
2019-09-14,256,7.37616,0,18.333333333333332,17.166666666666664,3,0.8540754283441767
2019-09-15,257,2.6375360000000003,0,18.333333333333332,17.166666666666664,3,0.5182191566464545
2019-09-16,258,2.101088,0,15.555555555555555,14.944444444444445,1,0.4471501353169822
2019-09-17,259,2.369312,0,13.88888888888889,13.611111111111112,1,0.9609737114703206
2019-09-18,260,1.8328639999999998,0,13.333333333333332,13.166666666666666,1,0.40977943250255455
2019-09-19,261,1.251712,0,13.333333333333332,13.166666666666666,1,0.4522132690727525
2019-09-20,262,1.1176,0,16.666666666666668,15.833333333333336,1,0.3790145501474569
2019-09-21,263,0.759968,0,20,18.5,1,0.3298164772392305
2019-09-22,264,3.621024,0,20,18.5,1,0.4236747269190806
2019-09-23,265,3.6657279999999997,2.286,22.22222222222222,20.27777777777778,1,0.7823220143032019
2019-09-24,266,2.056384,0.3048,16.11111111111111,15.38888888888889,1,0.35364784769798774
2019-09-25,267,2.01168,0,17.22222222222222,16.27777777777778,1,0.2630097628436447
2019-09-26,268,4.291583999999999,1.1176,15.555555555555555,14.944444444444445,2,0.47775444881432094
2019-09-27,269,2.771648,0,15,14.5,2,0.38917866258960304
2019-09-28,270,4.4704,0.050800000000000005,20.555555555555554,18.944444444444443,2,0.6586548740459643
2019-09-29,271,3.978656,0,12.222222222222221,12.277777777777779,2,0.5718861962319715
2019-09-30,272,2.324608,0,11.11111111111111,11.38888888888889,2,0.2798301841064327
2019-10-01,273,4.559807999999999,1.9304000000000001,18.333333333333332,17.166666666666664,3,0.5181436778766396
2019-10-02,274,3.621024,0.10160000000000001,13.333333333333332,13.166666666666666,3,0.39791785339298713
2019-10-03,275,1.6987519999999998,0.050800000000000005,7.222222222222222,8.277777777777779,3,0.22283656067474591
2019-10-04,276,4.91744,0.0762,6.666666666666666,7.833333333333333,3,0.248077347136726
2019-10-05,277,0.8493759999999999,0,6.666666666666666,7.833333333333333,3,0.24220964790263277
2019-10-06,278,6.25856,1.5748,11.11111111111111,11.38888888888889,3,0.37331622246956675
2019-10-07,279,2.9504639999999998,3.1496,15.555555555555555,14.944444444444445,3,0.2593113799968946
2019-10-08,280,1.743456,0,12.222222222222221,12.277777777777779,3,0.2861016987506838
2019-10-09,281,1.296416,0,10.555555555555555,10.944444444444445,3,0.5893361782503928
2019-10-10,282,1.6987519999999998,0,12.777777777777777,12.722222222222221,3,0.28710020517452783
2019-10-11,283,1.430528,0,12.222222222222221,12.277777777777779,3,0.2769708203723412
2019-10-12,284,2.01168,0,14.444444444444445,14.055555555555557,3,0.3109951034710369
2019-10-13,285,2.548128,0,12.222222222222221,12.277777777777779,3,0.47236765482127946
2019-10-14,286,3.933952,0.5588,13.333333333333332,13.166666666666666,3,0.5463797755750213
2019-10-15,287,1.162304,0,8.88888888888889,9.61111111111111,3,0.35592942888251927
2019-10-16,288,3.889248,0.5334,10.555555555555555,10.944444444444445,3,0.279477963342338
2019-10-17,289,8.627872,3.6068,8.333333333333334,9.166666666666668,3,0.5913799904161474
2019-10-18,290,5.588,0.050800000000000005,8.88888888888889,9.61111111111111,3,0.23608032754800873
2019-10-19,291,2.503424,0,7.222222222222222,8.277777777777779,3,0.33323800247162944
2019-10-20,292,1.966976,0,7.222222222222222,8.277777777777779,3,0.3290944205350153
2019-10-21,293,1.251712,0,10,10.5,2,0.16628270539597928
2019-10-22,294,4.380992,0.40640000000000004,11.11111111111111,11.38888888888889,2,0.3064911704928176
2019-10-23,295,2.6375360000000003,0.5588,13.88888888888889,13.611111111111112,3,0.2900647469730806
2019-10-24,296,4.112768,0.3302,12.222222222222221,12.277777777777779,3,0.5410833679882802
2019-10-25,297,0.89408,0.10160000000000001,9.444444444444445,10.055555555555557,3,0.29059851628977096
2019-10-26,298,1.162304,1.016,7.777777777777778,8.722222222222221,3,0.10627410212493978
2019-10-27,299,3.218688,1.9304000000000001,7.222222222222222,8.277777777777779,3,0.30229549286547813
2019-10-28,300,2.548128,0.1524,12.777777777777777,12.722222222222221,3,0.13745948101892888
2019-10-29,301,5.856224,0,13.88888888888889,13.611111111111112,3,0.3505083107127846
2019-10-30,302,3.12928,0,16.11111111111111,15.38888888888889,3,0.4084084329738758
2019-10-31,303,4.649216,8.382,17.77777777777778,16.72222222222222,3,0.340740461007186
2019-11-01,304,6.616192,1.6256000000000002,11.666666666666666,11.833333333333334,3,0.5463840255597903
2019-11-02,305,2.056384,0,3.888888888888889,5.611111111111111,3,0.2877181284674887
2019-11-03,306,3.263392,0.0762,6.111111111111111,7.388888888888889,3,0.3002298948977821
2019-11-04,307,4.068064,0,5,6.5,3,0.25814198773923425
2019-11-05,308,5.588,0.0762,9.444444444444445,10.055555555555557,3,0.43078136474108114
2019-11-06,309,3.978656,0,5,6.5,3,0.368320099031468
2019-11-07,310,3.79984,0.1778,2.2222222222222223,4.277777777777778,3,0.25433859860297625
2019-11-08,311,5.409184,0.3556,-2.7777777777777777,1,3,0.2842693840762656
2019-11-09,312,5.543296,0,-2.2222222222222223,1,3,0.28675923855300933
2019-11-10,313,6.169152,0.025400000000000002,3.888888888888889,5.611111111111111,3,0.39881178075296286
2019-11-11,314,3.978656,0.8382000000000001,-1.6666666666666665,1.1666666666666667,3,0.3427691030755267
2019-11-12,315,5.275072000000001,1.2192,-6.666666666666666,1,3,0.07177197371256423
2019-11-13,316,3.486912,0,-8.88888888888889,1,3,0.33560390172615173
2019-11-14,317,5.185664,0.025400000000000002,-3.888888888888889,1,3,0.24773122955524882
2019-11-15,318,6.437376,0.050800000000000005,0,2.5,3,0.26461652629331034
2019-11-16,319,2.771648,0.025400000000000002,-7.777777777777778,1,3,0.3373834652389688
2019-11-17,320,2.2799039999999997,0,-5.555555555555555,1,2,0.2031159904810272
2019-11-18,321,2.2799039999999997,0.34290000000000004,-2.2222222222222223,1,3,0.2725387661319953
2019-11-19,322,2.01168,0.6858000000000001,0,2.5,3,0.12038177521772611
2019-11-20,323,2.324608,0.254,0.5555555555555556,2.9444444444444446,3,0.14289204616367523
2019-11-21,324,1.922272,0.2286,0.5555555555555556,2.9444444444444446,3,0.037530290542630115
2019-11-22,325,7.286752,0.10160000000000001,3.333333333333333,5.166666666666666,3,0.1516929617174389
2019-11-23,326,3.7104320000000004,0,-0.5555555555555556,2.0555555555555554,3,0.27473306362221567
2019-11-24,327,2.592832,0,2.7777777777777777,4.722222222222222,3,0.2149823005989669
2019-11-25,328,1.6987519999999998,0,5,6.5,3,0.21128414759603992
2019-11-26,329,4.380992,0,6.666666666666666,7.833333333333333,2,0.17621271281425893
2019-11-27,330,1.1176,1.4731999999999998,3.888888888888889,5.611111111111111,3,0.21589516472821374
2019-11-28,331,6.3032639999999995,1.3970000000000002,2.7777777777777777,4.722222222222222,3,0.18835763874491113
2019-11-29,332,6.0350399999999995,1.0075333333333334,-2.7777777777777777,1,3,0.12552322888556477
2019-11-30,333,4.202176,0.6180666666666667,-6.666666666666666,1,3,0.10963637590225372
2019-12-01,334,1.207008,0.2286,-6.666666666666666,1,3,0.09776362793076399
2019-12-02,335,3.933952,0.1143,-2.7777777777777777,1,3,0.12967227756274452
2019-12-03,336,3.978656,0,-3.888888888888889,1,3,0.2914339501923413
2019-12-04,337,2.7269439999999996,0.0889,-3.333333333333333,1,3,0.2087196983085966
2019-12-05,338,4.202176,0.1778,-0.5555555555555556,2.0555555555555554,3,0.27686562733710857
2019-12-06,339,3.173984,0.254,-3.333333333333333,1,3,0.32637181936291165
2019-12-07,340,2.01168,0.127,-7.777777777777778,1,3,0.3142660302211136
2019-12-08,341,6.660896,0,-6.666666666666666,1,3,0.2814202792374477
2019-12-09,342,6.750304,0.127,5.555555555555555,6.944444444444445,3,0.6926132765504138
2019-12-10,343,6.169152,0.0762,3.888888888888889,5.611111111111111,3,0.46026131778921303
2019-12-11,344,5.14096,0.025400000000000002,-3.888888888888889,1,3,0.3308102726656782
2019-12-12,345,4.291583999999999,0,-3.888888888888889,1,3,0.6435258519481653
2019-12-13,346,5.588,0.050800000000000005,1.1111111111111112,3.388888888888889,2,0.2207360055003545
2019-12-14,347,2.45872,0.635,6.111111111111111,7.388888888888889,2,0.5402061735231886
2019-12-15,348,6.3032639999999995,0.0762,0.5555555555555556,2.9444444444444446,2,0.07621245388055811
2019-12-16,349,2.68224,0,-5,1,2,0.5589435155244327
2019-12-17,350,0.9387840000000001,0.4572,-5,1,2,0.1786980775309826
2019-12-18,351,4.604512000000001,0.10160000000000001,-7.222222222222222,1,2,0.19038331925701127
2019-12-19,352,5.498592,0,-14.444444444444445,1,2,0.16728702416636873
2019-12-20,353,2.101088,0,-13.333333333333332,1,2,0.6987875482473334
2019-12-21,354,2.101088,0,-10,1,2,0.1728699206950713
2019-12-22,355,4.380992,0,-1.1111111111111112,1.6111111111111112,2,0.17699718542464593
2019-12-23,356,4.068064,0,1.1111111111111112,3.388888888888889,2,0.3869353794608156
2019-12-24,357,4.068064,0,-1.1111111111111112,1.6111111111111112,2,0.29617317762805007
2019-12-25,358,1.519936,0,-1.1111111111111112,1.6111111111111112,2,0.4838331081925083
2019-12-26,359,2.592832,0.10160000000000001,-0.5555555555555556,2.0555555555555554,2,0.12277569163957462
2019-12-27,360,7.063232,0.20320000000000002,5.555555555555555,6.944444444444445,2,0.14196001242174178
2019-12-28,361,2.6375360000000003,0.2286,1.6666666666666665,3.833333333333333,1,0.41492661843849843
2019-12-29,362,1.1176,0.254,-1.1111111111111112,1.6111111111111112,2,0.4051954167281184
2019-12-30,363,3.6657279999999997,1.27,1.1111111111111112,3.388888888888889,2,0.24800544620467643
2019-12-31,364,2.771648,0.1778,1.1111111111111112,3.388888888888889,2,0.25986660393009553
2020-01-01,365,3.6657279999999997,0.025400000000000002,1.1111111111111112,3.388888888888889,2,0.22780502529768748
2020-01-02,366,5.006848,0,1.6666666666666665,3.833333333333333,2,0.2346257418266085
2020-01-03,367,3.218688,0,5,6.5,2,0.35355937341081584
2020-01-04,368,2.995168,0.508,1.6666666666666665,3.833333333333333,2,0.36679095640845366
2020-01-05,369,4.02336,0.3302,-5,1,3,0.267224549366651
2020-01-06,370,2.592832,0.1524,-5,1,3,0.2203742171069123
2020-01-07,371,2.503424,0.025400000000000002,-0.5555555555555556,2.0555555555555554,3,0.2019722448971634
2020-01-08,372,5.051552,0.10160000000000001,-4.444444444444445,1,3,0.3258939418783563
2020-01-09,373,3.57632,0,-10,1,3,0.2842794593069662
2020-01-10,374,8.761984,0.7874,0,2.5,3,0.18729041489283976
2020-01-11,375,7.197344,1.5748,8.333333333333334,9.166666666666668,3,0.5770801122272152
2020-01-12,376,4.112768,0.8889999999999999,-2.7777777777777777,1,3,0.38020761455838825
2020-01-13,377,1.6987519999999998,0.050800000000000005,-3.333333333333333,1,3,0.13288949242748346
2020-01-14,378,2.1457919999999997,0.0889,-1.1111111111111112,1.6111111111111112,3,0.22542564119699252
2020-01-15,379,1.162304,0.127,1.6666666666666665,3.833333333333333,3,0.057822546320627374
2020-01-16,380,5.319776,0.9144,-4.444444444444445,1,3,0.04295801240319462
2020-01-17,381,2.592832,0,-13.88888888888889,1,3,0.17330759034733084
2020-01-18,382,3.3975039999999996,0.5588,-12.222222222222221,1,3,0.6469952235552137
2020-01-19,383,4.9621439999999994,0.127,-6.111111111111111,1,3,0.4447508487049399
2020-01-20,384,2.324608,0.0635,-12.222222222222221,1,3,0.25537379520301745
2020-01-21,385,1.966976,0,-13.333333333333332,1,3,0.07999172392517953
2020-01-22,386,4.783328,0,-2.7777777777777777,1,3,0.535166563870889
2020-01-23,387,2.056384,0,-2.7777777777777777,1,3,0.2971775561762827
2020-01-24,388,0.581152,0,-0.5555555555555556,2.0555555555555554,3,0.4376804428991794
2020-01-25,389,2.861056,1.1938,0.5555555555555556,2.9444444444444446,3,0.42908607121844894
2020-01-26,390,2.9504639999999998,0.2286,2.2222222222222223,4.277777777777778,3,0.3359510108336693
2020-01-27,391,2.45872,0.127,1.6666666666666665,3.833333333333333,3,0.04359628485636388
2020-01-28,392,4.291583999999999,0.025400000000000002,-1.1111111111111112,1.6111111111111112,3,0.2252774432292644
2020-01-29,393,3.7551360000000003,0,-6.666666666666666,1,3,0.07504730799168277
2020-01-30,394,0.402336,0,-8.333333333333334,1,2,0.2866497644067289
2020-01-31,395,2.056384,0,-5,1,2,0.14892474135989836
2020-02-01,396,2.01168,0,-1.1111111111111112,1.6111111111111112,2,0.13734564476955746
2020-02-02,397,1.296416,0,-1.6666666666666665,1.1666666666666667,2,0.09233754243569978
2020-02-03,398,2.01168,0,1.6666666666666665,3.833333333333333,2,0.10179124181297763
2020-02-04,399,0.9387840000000001,0,-0.5555555555555556,2.0555555555555554,2,0.0564074340278999
2020-02-05,400,3.3528,0.508,-3.333333333333333,1,2,0.1183963968064055
2020-02-06,401,1.78816,1.016,-5,1,3,0.3568823749360467
2020-02-07,402,5.588,2.2606,-5.555555555555555,1,3,0.20563153774432158
2020-02-08,403,4.783328,0,-13.88888888888889,1,3,0.22106373144560137
2020-02-09,404,2.45872,0.0381,-12.222222222222221,1,3,0.18939687525154522
2020-02-10,405,4.24688,0.0762,0,2.5,3,0.09142288572091814
2020-02-11,406,1.207008,0.127,-1.1111111111111112,1.6111111111111112,3,0.4520891948536846
2020-02-12,407,5.14096,0.254,1.1111111111111112,3.388888888888889,3,0.25949582579101926
2020-02-13,408,3.978656,0.381,-5,1,3,0.18039437608343917
2020-02-14,409,3.621024,0.1905,-16.666666666666668,1,3,0.3863678327855311
2020-02-15,410,5.36448,0,-13.88888888888889,1,3,0.105244503715616
2020-02-16,411,6.25856,0,-0.5555555555555556,2.0555555555555554,3,0.28476309834983865
2020-02-17,412,3.308096,0.025400000000000002,-5.555555555555555,1,3,0.18111643437153002
2020-02-18,413,4.604512000000001,0.2794,-3.888888888888889,1,3,0.2636990493307472
2020-02-19,414,6.0350399999999995,0.18626666666666666,-2.2222222222222223,1,3,0.4308733395388534
2020-02-20,415,2.7269439999999996,0.09313333333333333,-11.666666666666666,1,3,0.13690130887577606
2020-02-21,416,4.112768,0,-11.11111111111111,1,2,0.2320322292622352
2020-02-22,417,3.531616,0,-0.5555555555555556,2.0555555555555554,2,0.5506308090343994
2020-02-23,418,2.861056,0,0,2.5,2,0.3517958486889937
2020-02-24,419,4.336288,0,6.666666666666666,7.833333333333333,2,0.43511384115846174
2020-02-25,420,1.922272,0.10160000000000001,2.7777777777777777,4.722222222222222,2,0.3322194002062439
2020-02-26,421,2.6375360000000003,0.025400000000000002,0,2.5,2,0.25539913517753265
2020-02-27,422,4.872736,1.3970000000000002,1.1111111111111112,3.388888888888889,2,0.34226575758584715
2020-02-28,423,5.006848,0.10160000000000001,-2.7777777777777777,1,2,0.2636828976605164
2020-02-29,424,3.7104320000000004,0.050800000000000005,-6.666666666666666,1,2,0.3215627396073536
2020-03-01,425,1.922272,0.025400000000000002,-6.666666666666666,1,2,0.35622966687940927
2020-03-02,426,4.559807999999999,0.1524,0,2.5,2,0.27145605266337836
2020-03-03,427,2.01168,0.2794,6.666666666666666,7.833333333333333,2,0.28408242680305146
2020-03-04,428,4.9621439999999994,0.1397,5.555555555555555,6.944444444444445,2,0.22864501250069763
2020-03-05,429,3.218688,0,2.7777777777777777,4.722222222222222,2,0.31274234218856567
2020-03-06,430,4.649216,0,1.6666666666666665,3.833333333333333,2,0.25468786393055265
2020-03-07,431,4.380992,0,-3.333333333333333,1,2,0.33051776450693177
2020-03-08,432,2.190496,0,2.2222222222222223,4.277777777777778,2,0.30590236309076985
2020-03-09,433,3.57632,0,11.666666666666666,11.833333333333334,2,0.34568984958953375
2020-03-10,434,4.783328,0.3048,8.333333333333334,9.166666666666668,2,0.49364823549610504
2020-03-11,435,2.90576,0,0,2.5,2,0.30774429683834414
2020-03-12,436,2.771648,0.2667,3.888888888888889,5.611111111111111,2,0.6089148111502659
2020-03-13,437,5.990336,0.5334,7.777777777777778,8.722222222222221,2,0.43991326613127646
2020-03-14,438,6.3032639999999995,0,5,6.5,2,0.21536557922879443
2020-03-15,439,4.202176,0,-2.7777777777777777,1,2,0.1507133957717474
2020-03-16,440,2.6375360000000003,0,-1.6666666666666665,1.1666666666666667,2,0.26129212181111455
2020-03-17,441,7.1079360000000005,0,3.888888888888889,5.611111111111111,1,0.36160318406709824
2020-03-18,442,2.1457919999999997,0,3.888888888888889,5.611111111111111,1,0.29421367577695634
2020-03-19,443,3.7104320000000004,0.1778,6.111111111111111,7.388888888888889,2,0.4935179073636082
2020-03-20,444,7.59968,0.3556,11.11111111111111,11.38888888888889,2,0.43832608442770304
2020-03-21,445,6.0350399999999995,0,-1.1111111111111112,1.6111111111111112,2,0.2749988517412184
2020-03-22,446,2.771648,0,-3.333333333333333,1,2,0.2947562451852953
2020-03-23,447,3.263392,1.143,-1.6666666666666665,1.1666666666666667,2,0.5751209257641905
2020-03-24,448,2.2352,0.5715,1.1111111111111112,3.388888888888889,3,0.42471341873541685
2020-03-25,449,2.414016,0,1.6666666666666665,3.833333333333333,3,0.40613872870976475
2020-03-26,450,3.889248,0.10160000000000001,6.666666666666666,7.833333333333333,3,0.1434385669789581
2020-03-27,451,3.531616,0,5,6.5,2,0.35075225719297254
2020-03-28,452,2.056384,0,4.444444444444445,6.055555555555555,2,0.321991491521948
2020-03-29,453,5.453887999999999,1.4224,6.666666666666666,7.833333333333333,3,0.43075529833589987
2020-03-30,454,3.442208,0.9144,5.555555555555555,6.944444444444445,3,0.5431044721779352
2020-03-31,455,3.12928,0.025400000000000002,4.444444444444445,6.055555555555555,3,0.3143529711089867
2020-04-01,456,4.068064,0,2.7777777777777777,4.722222222222222,3,0.40538264530722457
2020-04-02,457,6.169152,0.6604,4.444444444444445,6.055555555555555,3,0.18502180166583293
2020-04-03,458,5.543296,0.48260000000000003,7.222222222222222,8.277777777777779,3,0.4510306988100015
2020-04-04,459,1.78816,0.050800000000000005,8.333333333333334,9.166666666666668,3,0.5662603760745847
2020-04-05,460,1.8775680000000001,0.025400000000000002,8.333333333333334,9.166666666666668,3,0.25036157964820943
2020-04-06,461,2.45872,0,7.777777777777778,8.722222222222221,3,0.22410081919379685
2020-04-07,462,1.56464,0,7.777777777777778,8.722222222222221,3,0.2742034617597856
2020-04-08,463,2.2352,0,7.222222222222222,8.277777777777779,3,0.2754901683925606
2020-04-09,464,3.57632,0.9906,6.666666666666666,7.833333333333333,3,0.38240467295211106
2020-04-10,465,5.409184,0.381,3.333333333333333,5.166666666666666,3,0.48128977834798087
2020-04-11,466,4.91744,0.1905,5,6.5,3,0.3399752771567151
2020-04-12,467,4.872736,0,7.777777777777778,8.722222222222221,3,0.3143188585904412
2020-04-13,468,6.660896,0.6096,13.333333333333332,13.166666666666666,3,0.15107485436551277
2020-04-14,469,5.006848,0.3048,6.666666666666666,7.833333333333333,3,0.4089290444532564
2020-04-15,470,3.6657279999999997,0,4.444444444444445,6.055555555555555,3,0.5697804886883493
2020-04-16,471,3.844544,0.025400000000000002,2.7777777777777777,4.722222222222222,3,0.5756750759883126
2020-04-17,472,3.7551360000000003,0.012700000000000001,3.333333333333333,5.166666666666666,2,0.6492828933022057
2020-04-18,473,2.190496,0,5,6.5,2,0.4748221812116788
2020-04-19,474,5.409184,0.025400000000000002,7.222222222222222,8.277777777777779,2,0.3688299981248301
2020-04-20,475,4.425696,0.050800000000000005,3.888888888888889,5.611111111111111,2,0.6832875161464532
2020-04-21,476,4.828032,0.127,3.888888888888889,5.611111111111111,2,0.40108174892774695
2020-04-22,477,6.660896,0.0635,0.5555555555555556,2.9444444444444446,2,0.6033982643529726
2020-04-23,478,3.308096,0,4.444444444444445,6.055555555555555,2,0.4839306069461428
2020-04-24,479,3.308096,0,6.111111111111111,7.388888888888889,2,0.4674505201597682
2020-04-25,480,2.056384,0,11.11111111111111,11.38888888888889,1,0.4346056530562913
2020-04-26,481,3.039872,0.8128000000000001,8.88888888888889,9.61111111111111,2,0.4243782388410562
2020-04-27,482,4.380992,0.3556,6.111111111111111,7.388888888888889,2,0.44231418946062095
2020-04-28,483,3.12928,0,8.88888888888889,9.61111111111111,2,0.6490176311204257
2020-04-29,484,4.02336,0.050800000000000005,10,10.5,2,0.5395640271929619
2020-04-30,485,6.660896,0.10160000000000001,10,10.5,2,0.47015336531834284
2020-05-01,486,4.24688,0.254,13.88888888888889,13.611111111111112,1,0.48924298204642797
2020-05-02,487,1.6987519999999998,0.1524,11.11111111111111,11.38888888888889,1,0.555126675520426
2020-05-03,488,4.202176,0.050800000000000005,17.77777777777778,16.72222222222222,1,0.9798066531898024
2020-05-04,489,4.69392,0.050800000000000005,10.555555555555555,10.944444444444445,1,0.7607485977487081
2020-05-05,490,4.649216,0,7.222222222222222,8.277777777777779,1,0.32173092787778124
2020-05-06,491,1.609344,0,7.777777777777778,8.722222222222221,1,0.5619349604362384
2020-05-07,492,2.8163519999999997,0.0762,9.444444444444445,10.055555555555557,1,0.5665911319497585
2020-05-08,493,3.933952,0.254,6.666666666666666,7.833333333333333,1,0.5178458083314097
2020-05-09,494,5.990336,0.1778,2.7777777777777777,4.722222222222222,1,0.38277330523168146
2020-05-10,495,4.4704,0.9017000000000001,7.777777777777778,8.722222222222221,1,0.6191485432834224
2020-05-11,496,2.592832,1.6256000000000002,7.222222222222222,8.277777777777779,2,0.44663896232225114
2020-05-12,497,5.096256,0,6.111111111111111,7.388888888888889,2,0.6542038141365913
2020-05-13,498,4.112768,0,7.777777777777778,8.722222222222221,2,0.45886642526466837
2020-05-14,499,1.654048,0,10.555555555555555,10.944444444444445,1,0.4021659120969976
2020-05-15,500,3.79984,1.4731999999999998,16.666666666666668,15.833333333333336,2,0.45175849305401294
2020-05-16,501,3.442208,0,13.88888888888889,13.611111111111112,2,0.5761876097110966
2020-05-17,502,1.8328639999999998,0,15.555555555555555,14.944444444444445,2,0.5268350596223347
2020-05-18,503,3.933952,0,16.11111111111111,15.38888888888889,2,0.5396160917123226
2020-05-19,504,2.45872,0,13.333333333333332,13.166666666666666,2,0.27454310229745726
2020-05-20,505,2.101088,0,15.555555555555555,14.944444444444445,2,0.390212837956882
2020-05-21,506,3.79984,0,20,18.5,2,0.5301344469949811
2020-05-22,507,2.056384,0,20,18.5,2,0.7334764233806154
2020-05-23,508,3.889248,0,19.444444444444443,18.055555555555557,2,0.6160584106106437
2020-05-24,509,4.425696,0,18.333333333333332,17.166666666666664,1,0.8289649215826866
2020-05-25,510,5.81152,0,21.11111111111111,19.38888888888889,1,0.7475305980519709
2020-05-26,511,3.442208,0,26.11111111111111,23.38888888888889,1,0.741626422668178
2020-05-27,512,4.783328,0,28.88888888888889,25.611111111111114,1,1.0098527302870934
2020-05-28,513,6.25856,0,26.666666666666664,23.833333333333332,1,1.1434924485047593
2020-05-29,514,5.856224,2.4892,25,22.5,1,1.0058725729891644
2020-05-30,515,4.4704,0.1524,17.77777777777778,16.72222222222222,1,1.222084251252393
2020-05-31,516,4.872736,0.025400000000000002,10,10.5,1,0.9620297058847177
2020-06-01,517,2.101088,0.025400000000000002,10,10.5,1,0.7081607549034965
2020-06-02,518,2.414016,0.0635,12.777777777777777,12.722222222222221,1,0.653086864785604
2020-06-03,519,1.385824,0.10160000000000001,15,14.5,1,0.7145226970338964
2020-06-04,520,1.4752319999999999,0.025400000000000002,20,18.5,1,0.3951815227879615
2020-06-05,521,2.414016,0,24.444444444444443,22.055555555555557,1,0.4302149545517242
2020-06-06,522,3.531616,0.3556,21.666666666666668,19.833333333333336,1,0.28716140932794765
2020-06-07,523,3.79984,0,16.666666666666668,15.833333333333336,1,0.3816887628711338
2020-06-08,524,2.6375360000000003,0,16.11111111111111,15.38888888888889,1,0.6178037080288717
2020-06-09,525,1.296416,0.127,17.77777777777778,16.72222222222222,1,0.6884002656281442
2020-06-10,526,3.933952,0,20,18.5,1,0.8561763395253228
2020-06-11,527,5.14096,0.2794,22.22222222222222,20.27777777777778,2,0.5629027147586002
2020-06-12,528,4.738624,0,19.444444444444443,18.055555555555557,1,0.5445535110683202
2020-06-13,529,2.68224,0.025400000000000002,11.11111111111111,11.38888888888889,1,0.5537582485045265
2020-06-14,530,1.34112,0,15,14.5,1,0.8120515680199851
2020-06-15,531,1.8775680000000001,0,16.666666666666668,15.833333333333336,1,0.9002678457841802
2020-06-16,532,1.34112,0,18.88888888888889,17.611111111111114,1,0.8270231559650378
2020-06-17,533,1.4752319999999999,0,22.22222222222222,20.27777777777778,1,0.35154903653224084
2020-06-18,534,2.7269439999999996,0,23.88888888888889,21.61111111111111,1,0.37677403636492474
2020-06-19,535,2.771648,0,27.22222222222222,24.27777777777778,1,0.5282075741942271
2020-06-20,536,1.609344,0,26.666666666666664,23.833333333333332,1,0.579068940076837
2020-06-21,537,1.966976,0,27.22222222222222,24.27777777777778,1,0.5969343681817998
2020-06-22,538,2.2352,0,27.77777777777778,24.722222222222225,1,1.0461506517472676
2020-06-23,539,4.872736,0,28.88888888888889,25.611111111111114,1,0.6729516103127363
2020-06-24,540,4.068064,0.8382000000000001,23.333333333333332,21.166666666666668,1,0.7416311321090981
2020-06-25,541,3.889248,0,21.666666666666668,19.833333333333336,1,0.7554762867894766
2020-06-26,542,3.039872,0.012700000000000001,23.88888888888889,21.61111111111111,1,0.9846393854598393
2020-06-27,543,4.649216,0.025400000000000002,23.333333333333332,21.166666666666668,1,0.9861611769354308
2020-06-28,544,2.68224,0.0762,22.77777777777778,20.722222222222225,1,0.8141496422437724
2020-06-29,545,3.7551360000000003,0.7365999999999999,20,18.5,1,0.8693097732326269
2020-06-30,546,3.486912,2.159,22.77777777777778,20.722222222222225,2,0.7591931129924594
2020-07-01,547,2.1457919999999997,0.508,22.77777777777778,20.722222222222225,2,0.44353455930129276
2020-07-02,548,2.2352,0.3175,26.11111111111111,23.38888888888889,2,0.4082684836332183
2020-07-03,549,2.548128,0.127,25,22.5,2,0.5141282485766873
2020-07-04,550,1.966976,0,24.444444444444443,22.055555555555557,2,0.47431507326168526
2020-07-05,551,1.609344,0,23.88888888888889,21.61111111111111,2,0.43736208223176154
2020-07-06,552,1.519936,0,23.333333333333332,21.166666666666668,2,0.6734615302643858
2020-07-07,553,4.9621439999999994,0.025400000000000002,23.88888888888889,21.61111111111111,2,0.6648732152622691
2020-07-08,554,3.889248,1.2446,26.11111111111111,23.38888888888889,2,0.5609304083471142
2020-07-09,555,2.592832,0,27.22222222222222,24.27777777777778,2,0.461297201252352
2020-07-10,556,4.068064,0,29.444444444444443,26.055555555555557,2,0.933474091363232
2020-07-11,557,4.828032,0.6096,27.77777777777778,24.722222222222225,3,0.9327272046775672
2020-07-12,558,2.771648,0.2286,25,22.5,3,0.8013543502528206
2020-07-13,559,1.6987519999999998,0.1524,23.333333333333332,21.166666666666668,3,0.8979751696629548
2020-07-14,560,2.7269439999999996,0.0762,22.22222222222222,20.27777777777778,1,0.7637489259233614
2020-07-15,561,1.922272,0,23.333333333333332,21.166666666666668,1,0.5363125080450653
2020-07-16,562,5.096256,0.2159,22.77777777777778,20.722222222222225,1,0.45719318683769067
2020-07-17,563,4.91744,0.4318,23.333333333333332,21.166666666666668,1,0.4796572778975004
2020-07-18,564,2.8163519999999997,0,26.666666666666664,23.833333333333332,1,0.6370850134268504
2020-07-19,565,4.4704,0.1778,28.333333333333332,25.166666666666668,1,0.7097963149235251
2020-07-20,566,3.844544,0.025400000000000002,28.333333333333332,25.166666666666668,1,0.6143285336749099
2020-07-21,567,2.771648,0,23.333333333333332,21.166666666666668,1,0.6004259183006844
2020-07-22,568,2.01168,0.4953,22.77777777777778,20.722222222222225,1,0.8316577115980172
2020-07-23,569,2.592832,0.9906,24.444444444444443,22.055555555555557,1,1.029833202626557
2020-07-24,570,2.101088,0,23.88888888888889,21.61111111111111,1,0.6455400028313063
2020-07-25,571,1.251712,0,24.444444444444443,22.055555555555557,1,0.5162985103258927
2020-07-26,572,3.308096,0,26.11111111111111,23.38888888888889,1,0.4393443195044866
2020-07-27,573,2.771648,1.7272,28.333333333333332,25.166666666666668,2,0.4970911080543858
2020-07-28,574,3.084576,0.025400000000000002,27.22222222222222,24.27777777777778,2,0.5583480952806421
2020-07-29,575,2.6375360000000003,0.10160000000000001,24.444444444444443,22.055555555555557,2,0.6964456049553174
2020-07-30,576,2.548128,0.050800000000000005,24.444444444444443,22.055555555555557,2,0.6820898917555794
2020-07-31,577,1.78816,0,22.77777777777778,20.722222222222225,2,0.7088863523164104
2020-08-01,578,1.8328639999999998,0,23.88888888888889,21.61111111111111,2,0.9052291474006251
2020-08-02,579,3.486912,3.3274000000000004,25.555555555555554,22.944444444444443,3,0.6479215622598825
2020-08-03,580,3.844544,0,23.333333333333332,21.166666666666668,3,0.5049343849017267
2020-08-04,581,4.068064,6.35,20,18.5,3,0.5876499935375936
2020-08-05,582,4.24688,0.3302,22.22222222222222,20.27777777777778,3,0.7699251073560444
2020-08-06,583,2.414016,0,20,18.5,3,0.6355122638642635
2020-08-07,584,1.385824,0,21.11111111111111,19.38888888888889,3,0.31398149376987505
2020-08-08,585,1.34112,0,23.333333333333332,21.166666666666668,3,0.41961240161632885
2020-08-09,586,1.78816,0.20320000000000002,24.444444444444443,22.055555555555557,3,0.7403522774385669
2020-08-10,587,2.01168,0.40640000000000004,26.11111111111111,23.38888888888889,3,0.5380936625356417
2020-08-11,588,4.9621439999999994,2.921,27.77777777777778,24.722222222222225,3,0.5082936607499412
2020-08-12,589,1.743456,0,25.555555555555554,22.944444444444443,3,0.48197773922216924
2020-08-13,590,1.162304,0,23.88888888888889,21.61111111111111,3,0.6482979808267116
2020-08-14,591,2.369312,0,22.77777777777778,20.722222222222225,3,0.5768423040155726
2020-08-15,592,1.6987519999999998,0,22.22222222222222,20.27777777777778,3,1.0219403629403685
2020-08-16,593,3.263392,0,22.77777777777778,20.722222222222225,3,0.6633433094182409
2020-08-17,594,2.190496,0.127,20.555555555555554,18.944444444444443,3,0.435693697957335
2020-08-18,595,1.966976,0.6096,21.11111111111111,19.38888888888889,2,0.9740895046036133
2020-08-19,596,1.922272,0.050800000000000005,18.88888888888889,17.611111111111114,2,0.53594883597097
2020-08-20,597,1.296416,0,17.77777777777778,16.72222222222222,2,0.7293018701004743
2020-08-21,598,2.995168,0.0762,22.22222222222222,20.27777777777778,2,0.6688144411125355
2020-08-22,599,1.6987519999999998,0,22.22222222222222,20.27777777777778,2,0.4509585363227571
2020-08-23,600,1.430528,0.20320000000000002,22.77777777777778,20.722222222222225,2,0.40327691398776466
2020-08-24,601,2.503424,0.4572,25,22.5,2,0.5352570270168102
2020-08-25,602,6.169152,0,22.77777777777778,20.722222222222225,1,0.417960751000306
2020-08-26,603,5.14096,0,16.11111111111111,15.38888888888889,1,0.4324158587432764
2020-08-27,604,1.430528,0,13.88888888888889,13.611111111111112,1,0.5005686967817903
2020-08-28,605,1.8328639999999998,0,20.555555555555554,18.944444444444443,1,0.5870999194432743
2020-08-29,606,4.425696,1.9304000000000001,20,18.5,1,1.161136347066915
2020-08-30,607,5.409184,0.9652000000000001,18.88888888888889,17.611111111111114,2,0.31135886167167515
2020-08-31,608,1.296416,0,17.77777777777778,16.72222222222222,2,0.38346532296992775
2020-09-01,609,3.308096,0.0762,19.444444444444443,18.055555555555557,2,0.5880421464764457
2020-09-02,610,5.14096,0.1524,21.11111111111111,19.38888888888889,2,0.7296763352413225
2020-09-03,611,2.324608,0,21.11111111111111,19.38888888888889,2,0.41192323514271906
2020-09-04,612,3.844544,0,20.555555555555554,18.944444444444443,2,0.5269635359281346
2020-09-05,613,2.995168,0,18.333333333333332,17.166666666666664,2,0.5564391443657833
2020-09-06,614,1.56464,0,17.22222222222222,16.27777777777778,2,0.3367993710263199
2020-09-07,615,6.92912,0,19.444444444444443,18.055555555555557,1,0.6113456679153264
2020-09-08,616,3.442208,0,22.22222222222222,20.27777777777778,1,0.7747154033796609
2020-09-09,617,2.995168,0,20.555555555555554,18.944444444444443,1,0.4712285484059714
2020-09-10,618,3.6657279999999997,0.025400000000000002,20.555555555555554,18.944444444444443,1,0.866985580706363
2020-09-11,619,3.12928,0.012700000000000001,13.333333333333332,13.166666666666666,1,0.593630885682735
2020-09-12,620,2.592832,0,14.444444444444445,14.055555555555557,1,0.41150352195695594
2020-09-13,621,6.884416,0.381,18.88888888888889,17.611111111111114,1,0.5275360305119762
2020-09-14,622,4.425696,0,14.444444444444445,14.055555555555557,1,0.34047181344189237
2020-09-15,623,1.609344,0,11.11111111111111,11.38888888888889,1,0.30441087993658944
2020-09-16,624,7.6443840000000005,0,18.333333333333332,17.166666666666664,1,0.16499763438305445
2020-09-17,625,2.861056,0,15,14.5,1,0.6488023273641481
2020-09-18,626,3.218688,0,10.555555555555555,10.944444444444445,1,0.6039389524605044
2020-09-19,627,1.6987519999999998,0,7.777777777777778,8.722222222222221,1,0.3931976459100935
2020-09-20,628,1.56464,0,8.88888888888889,9.61111111111111,1,0.42167873368050557
2020-09-21,629,1.028192,0,9.444444444444445,10.055555555555557,1,0.3231997179740576
2020-09-22,630,2.592832,0,10,10.5,1,0.41562653949947836
2020-09-23,631,1.519936,0,15.555555555555555,14.944444444444445,1,0.31160825186261876
2020-09-24,632,2.414016,0,18.333333333333332,17.166666666666664,1,0.3209918838026269
2020-09-25,633,0.715264,0,16.666666666666668,15.833333333333336,1,0.31474847672763034
2020-09-26,634,3.933952,0,19.444444444444443,18.055555555555557,1,0.4079551891149933
2020-09-27,635,6.079744,0,23.333333333333332,21.166666666666668,1,0.3360518933549327
2020-09-28,636,3.933952,0.0762,22.77777777777778,20.722222222222225,1,0.40896085344985417
2020-09-29,637,4.828032,1.3462,20,18.5,1,0.6455156444221543
2020-09-30,638,3.844544,3.8354,16.11111111111111,15.38888888888889,2,0.5811215794772208
2020-10-01,639,3.7551360000000003,0,15.555555555555555,14.944444444444445,2,0.43331177734816073
2020-10-02,640,1.296416,1.4224,11.11111111111111,11.38888888888889,3,0.500484226909865
2020-10-03,641,1.56464,0.3048,11.666666666666666,11.833333333333334,3,0.3920267561227946
2020-10-04,642,2.101088,0,11.666666666666666,11.833333333333334,3,0.4332235522109332
2020-10-05,643,1.922272,0,13.88888888888889,13.611111111111112,3,0.16436101401377895
2020-10-06,644,5.185664,0,15,14.5,3,0.11653904022945967
2020-10-07,645,6.169152,1.2446,13.88888888888889,13.611111111111112,3,0.24794101403004593
2020-10-08,646,5.14096,0.6223,6.666666666666666,7.833333333333333,3,0.6351742823215082
2020-10-09,647,3.486912,0,7.222222222222222,8.277777777777779,3,0.33000776907752727
2020-10-10,648,7.8232,1.0413999999999999,17.77777777777778,16.72222222222222,3,0.44745969041274547
2020-10-11,649,3.7551360000000003,0,8.333333333333334,9.166666666666668,3,0.41666152846687243
2020-10-12,650,2.90576,0,8.333333333333334,9.166666666666668,3,0.45373898722103856
2020-10-13,651,2.771648,0.48260000000000003,10.555555555555555,10.944444444444445,3,0.6555262740167356
2020-10-14,652,1.519936,0,12.777777777777777,12.722222222222221,2,0.43586596172931136
2020-10-15,653,5.856224,0.127,16.11111111111111,15.38888888888889,2,0.22939074823484712
2020-10-16,654,1.296416,1.8288,10.555555555555555,10.944444444444445,3,0.10518571607560519
2020-10-17,655,1.922272,0,8.333333333333334,9.166666666666668,3,0.3051618391217311
2020-10-18,656,4.828032,0,8.88888888888889,9.61111111111111,3,0.8343778101870745
2020-10-19,657,5.14096,0.6604,13.333333333333332,13.166666666666666,3,0.11828190878975087
2020-10-20,658,4.69392,0.1778,12.222222222222221,12.277777777777779,3,0.11069593675595993
2020-10-21,659,3.7104320000000004,0.5334,14.444444444444445,14.055555555555557,3,0.32169596121658905
2020-10-22,660,1.028192,0.4572,11.666666666666666,11.833333333333334,2,0.5412259811266014
2020-10-23,661,6.25856,0.381,18.333333333333332,17.166666666666664,3,0.19172267785134994
2020-10-24,662,7.197344,0.3048,12.222222222222221,12.277777777777779,2,0.2804838339625001
2020-10-25,663,3.486912,0,4.444444444444445,6.055555555555555,2,0.2176014888808646
2020-10-26,664,3.084576,0.20320000000000002,6.111111111111111,7.388888888888889,2,0.5849657152716408
2020-10-27,665,3.084576,0.025400000000000002,3.888888888888889,5.611111111111111,2,0.3365430880587247
2020-10-28,666,3.039872,0.1905,6.666666666666666,7.833333333333333,2,0.22694263961375144
2020-10-29,667,2.414016,0.3556,5,6.5,2,0.12859063853096447
2020-10-30,668,3.7551360000000003,0,-0.5555555555555556,2.0555555555555554,1,0.22258442877488527
2020-10-31,669,3.12928,0,0,2.5,1,0.1910598206480395
2020-11-01,670,7.1079360000000005,0.3302,7.222222222222222,8.277777777777779,3,0.1208901446803365
2020-11-02,671,6.795007999999999,0.127,2.7777777777777777,4.722222222222222,3,0.22101655899600198
2020-11-03,672,5.409184,0.0762,0.5555555555555556,2.9444444444444446,3,0.3296642984980315
2020-11-04,673,6.5714879999999996,0.0381,6.111111111111111,7.388888888888889,2,0.316513403264581
2020-11-05,674,6.795007999999999,0,15.555555555555555,14.944444444444445,2,0.4054437552522029
2020-11-06,675,4.783328,0,16.666666666666668,15.833333333333336,2,0.22370851099325204
2020-11-07,676,2.2799039999999997,0,14.444444444444445,14.055555555555557,2,0.47249384950642803
2020-11-08,677,1.4752319999999999,0,14.444444444444445,14.055555555555557,2,0.5044258173422407
2020-11-09,678,2.056384,0,12.777777777777777,12.722222222222221,1,0.560670469431663
2020-11-10,679,4.649216,0,15.555555555555555,14.944444444444445,1,0.49442479190569844
2020-11-11,680,6.526784,0.050800000000000005,17.77777777777778,16.72222222222222,1,0.2952260370937571
2020-11-12,681,3.12928,0,7.777777777777778,8.722222222222221,1,0.3306827254240125
2020-11-13,682,2.414016,0.025400000000000002,1.6666666666666665,3.833333333333333,1,0.4990706291243372
2020-11-14,683,3.531616,0,1.6666666666666665,3.833333333333333,1,0.590625621999468
2020-11-15,684,3.308096,1.1684,1.6666666666666665,3.833333333333333,2,0.40714153906865597
2020-11-16,685,5.36448,0.20320000000000002,5.555555555555555,6.944444444444445,2,0.1426949206313596
2020-11-17,686,4.69392,0.13546666666666668,1.1111111111111112,3.388888888888889,2,0.20426177823424188
2020-11-18,687,4.9621439999999994,0.06773333333333335,-5,1,2,0.363745400849664
2020-11-19,688,7.778496,0,0,2.5,2,0.3494439570144523
2020-11-20,689,6.526784,0,10.555555555555555,10.944444444444445,2,0.2777671538168563
2020-11-21,690,4.112768,0,7.222222222222222,8.277777777777779,2,0.5398885724811642
2020-11-22,691,1.56464,0.2794,1.1111111111111112,3.388888888888889,2,0.15522564310501918
2020-11-23,692,4.828032,0.5588,4.444444444444445,6.055555555555555,2,0.016275358795577503
2020-11-24,693,4.872736,0.3937,-1.6666666666666665,1.1666666666666667,3,0.572846979353885
2020-11-25,694,3.3975039999999996,0.2286,1.6666666666666665,3.833333333333333,3,0.588819876098798
2020-11-26,695,1.922272,0.635,7.777777777777778,8.722222222222221,3,0.36578122357372667
2020-11-27,696,1.296416,0.40640000000000004,7.222222222222222,8.277777777777779,3,0.46618310725251444
2020-11-28,697,1.251712,0.1778,4.444444444444445,6.055555555555555,3,0.47363931796341047
2020-11-29,698,3.6657279999999997,0,4.444444444444445,6.055555555555555,3,0.20469972043512263
2020-11-30,699,2.548128,1.7018000000000002,6.111111111111111,7.388888888888889,3,0.24010718832826616
2020-12-01,700,4.69392,0.20320000000000002,12.222222222222221,12.277777777777779,3,0.2035847239534374
2020-12-02,701,5.722112,0.0762,2.7777777777777777,4.722222222222222,3,0.150332047315234
2020-12-03,702,5.051552,0,2.7777777777777777,4.722222222222222,3,0.3792839370243683
2020-12-04,703,3.844544,0.050800000000000005,6.111111111111111,7.388888888888889,3,0.29050739274184645
2020-12-05,704,5.722112,0.050800000000000005,1.6666666666666665,3.833333333333333,3,0.46641135456213184
2020-12-06,705,6.48208,0.050800000000000005,-1.1111111111111112,1.6111111111111112,3,0.4068795588205189
2020-12-07,706,4.02336,0.050800000000000005,-2.7777777777777777,1,3,0.319478828206606
2020-12-08,707,3.621024,0.050800000000000005,-4.444444444444445,1,3,0.27484524971321184
2020-12-09,708,3.7551360000000003,0.2794,-2.2222222222222223,1,3,0.39911180522552503
2020-12-10,709,2.503424,0.1397,1.1111111111111112,3.388888888888889,3,0.23414124077125362
2020-12-11,710,2.771648,0,3.333333333333333,5.166666666666666,3,0.20216423027198926
2020-12-12,711,2.01168,0.10160000000000001,4.444444444444445,6.055555555555555,2,0.13713037483963228
2020-12-13,712,4.336288,0,5.555555555555555,6.944444444444445,2,0.10445036317290694
2020-12-14,713,2.503424,0,0.5555555555555556,2.9444444444444446,1,0.11733801900136612
2020-12-15,714,6.750304,0,-6.111111111111111,1,1,0.16961952654626644
2020-12-16,715,2.45872,0,-12.222222222222221,1,1,0.11764444365378779
2020-12-17,716,3.57632,0.6096,-10.555555555555555,1,2,0.23647752067318645
2020-12-18,717,2.01168,0.025400000000000002,-11.11111111111111,1,2,0.6757288073546405
2020-12-19,718,2.056384,0,-10,1,2,0.084208742266839
2020-12-20,719,5.498592,0.1524,-1.1111111111111112,1.6111111111111112,2,0.40681208510852407
2020-12-21,720,2.324608,0.127,2.2222222222222223,4.277777777777778,2,0.336211186164899
2020-12-22,721,3.486912,0.10160000000000001,1.1111111111111112,3.388888888888889,2,0.12305518858044592
2020-12-23,722,4.157472,0.24130000000000001,-1.6666666666666665,1.1666666666666667,2,0.26547366370279823
2020-12-24,723,6.25856,0.381,7.777777777777778,8.722222222222221,2,0.12066746937524739
2020-12-25,724,7.37616,1.016,11.11111111111111,11.38888888888889,2,0.1760232530108986
2020-12-26,725,4.69392,0.1524,0,2.5,3,0.14311240942147457
2020-12-27,726,2.414016,0.11006666666666667,-1.6666666666666665,1.1666666666666667,3,0.44872144390243196
2020-12-28,727,6.7056,0.06773333333333335,2.7777777777777777,4.722222222222222,3,0.4051780192334726
2020-12-29,728,5.051552,0.025400000000000002,-3.888888888888889,1,3,0.4326602344896098
2020-12-30,729,6.0350399999999995,0.03386666666666666,-3.888888888888889,1,3,0.46223968662057235
2020-12-31,730,4.24688,0.042333333333333334,0,2.5,2,0.1283232508694373
2021-01-01,731,1.4752319999999999,0.050800000000000005,-1.1111111111111112,1.6111111111111112,2,0.2151150438097079
2021-01-02,732,3.218688,1.2192,-1.1111111111111112,1.6111111111111112,3,0.5812416176041808
2021-01-03,733,2.2352,0.1778,-1.1111111111111112,1.6111111111111112,3,0.5444005600312629
2021-01-04,734,1.519936,0.1354666666666667,0.5555555555555556,2.9444444444444446,3,0.24636155703319465
2021-01-05,735,3.621024,0.09313333333333336,-1.1111111111111112,1.6111111111111112,3,0.13514019174081127
2021-01-06,736,3.57632,0.050800000000000005,-3.333333333333333,1,3,0.10322077976444421
2021-01-07,737,4.02336,0,-3.333333333333333,1,3,0.18135858412640127
2021-01-08,738,3.3975039999999996,0,-7.777777777777778,1,2,0.06228002692026595
2021-01-09,739,3.3528,0,-6.666666666666666,1,2,0.20869859328404683
2021-01-10,740,2.056384,0,-6.111111111111111,1,2,0.09630986112298333
2021-01-11,741,2.45872,0,-6.111111111111111,1,2,0.3617849826925022
2021-01-12,742,2.01168,0,0,2.5,2,0.3667332835034535
2021-01-13,743,3.889248,0,0,2.5,2,0.13696803804302016
2021-01-14,744,1.654048,0,1.6666666666666665,3.833333333333333,2,0.16651943769560432
2021-01-15,745,2.01168,0,-0.5555555555555556,2.0555555555555554,2,0.2978338340395408
2021-01-16,746,2.056384,1.8034,2.2222222222222223,4.277777777777778,2,0.14414310259577118
2021-01-17,747,3.7551360000000003,0.254,1.6666666666666665,3.833333333333333,2,0.10244932374807743
2021-01-18,748,3.531616,0.3048,-3.888888888888889,1,2,0.27977763608344103
2021-01-19,749,1.8328639999999998,0.025400000000000002,-6.666666666666666,1,2,0.055473832984986114
2021-01-20,750,2.503424,0.2286,-8.88888888888889,1,2,0.3612871343599031
2021-01-21,751,5.185664,0.050800000000000005,-7.777777777777778,1,2,0.13578967521152382
2021-01-22,752,3.7104320000000004,0.0762,-2.2222222222222223,1,2,0.2812528095965347
2021-01-23,753,5.319776,0.10160000000000001,-8.88888888888889,1,3,0.32703609769367226
2021-01-24,754,3.57632,0,-10,1,3,0.11204737547308885
2021-01-25,755,0.67056,0,-10,1,3,0.42221631248805275
2021-01-26,756,1.743456,0.050800000000000005,-3.888888888888889,1,3,0.4078202036769999
2021-01-27,757,1.6987519999999998,0.050800000000000005,-2.7777777777777777,1,3,0.43807216763621587
2021-01-28,758,4.91744,0.0381,-8.333333333333334,1,3,0.5588799228386485
2021-01-29,759,4.828032,0.025400000000000002,-14.444444444444445,1,3,0.06257822908182299
2021-01-30,760,3.57632,0.012700000000000003,-15,1,1,0.10232099471426989
2021-01-31,761,0.983488,0,-15.555555555555555,1,1,0.06806446661003798
2021-02-01,762,1.385824,0,-13.88888888888889,1,1,0.3155702370064476
2021-02-02,763,6.213856,0.7874,-6.111111111111111,1,2,0.5424691699098981
2021-02-03,764,5.766816,0.1524,-1.6666666666666665,1.1666666666666667,2,0.3767171922581178
2021-02-04,765,2.2799039999999997,0.025400000000000002,-3.333333333333333,1,2,0.5123138980668147
2021-02-05,766,4.336288,0.4572,-2.7777777777777777,1,2,0.4449873296439059
2021-02-06,767,4.515104,0.24130000000000001,-2.7777777777777777,1,2,0.47919706306268556
2021-02-07,768,3.978656,0.025400000000000002,-6.111111111111111,1,2,0.19066867197968854
2021-02-08,769,2.592832,0,-8.88888888888889,1,2,0.23574282655408868
2021-02-09,770,0.983488,0.3048,-8.333333333333334,1,2,0.3465592743451746
2021-02-10,771,2.2799039999999997,0.025400000000000002,-8.333333333333334,1,2,0.07203435735633668
2021-02-11,772,3.308096,0,-10,1,2,0.15501036109840755
2021-02-12,773,2.190496,0,-14.444444444444445,1,2,0.22756199057750384
2021-02-13,774,2.101088,0,-15,1,2,0.27609616357190647
2021-02-14,775,0.983488,0.025400000000000002,-7.222222222222222,1,2,0.3631226350207545
2021-02-15,776,1.0728959999999998,0.050800000000000005,-8.88888888888889,1,2,0.11003464364875266
2021-02-16,777,3.7104320000000004,1.5748,-3.333333333333333,1,3,0.105750149287551
2021-02-17,778,3.084576,0,-8.333333333333334,1,2,0.24053735775457757
2021-02-18,779,0.89408,0,-8.333333333333334,1,2,0.11393319345901447
2021-02-19,780,0.715264,0.050800000000000005,-5,1,2,0.05806677072782519
2021-02-20,781,3.79984,0.025400000000000002,-6.111111111111111,1,2,0.07123130032684769
2021-02-21,782,2.056384,0,-5.555555555555555,1,2,0.0838903295767573
2021-02-22,783,5.096256,0.1524,-5.555555555555555,1,2,0.22883766641780542
2021-02-23,784,3.57632,0.0762,2.2222222222222223,4.277777777777778,2,0.1214777038046048
2021-02-24,785,4.24688,0.025400000000000002,4.444444444444445,6.055555555555555,2,0.07241190530727494
2021-02-25,786,5.722112,0.10160000000000001,0.5555555555555556,2.9444444444444446,2,0.16960467840592258
2021-02-26,787,2.1457919999999997,0,-3.888888888888889,1,2,0.19657527043279316
2021-02-27,788,5.319776,0.127,0.5555555555555556,2.9444444444444446,2,0.20298123086282027
2021-02-28,789,2.771648,0.1397,2.7777777777777777,4.722222222222222,2,0.17478080247891473
2021-03-01,790,7.197344,0.1524,-2.7777777777777777,1,2,0.26522218727504676
2021-03-02,791,6.169152,0.127,-10.555555555555555,1,1,0.23697853631917498
2021-03-03,792,2.592832,0.10160000000000001,-4.444444444444445,1,1,0.2242209839152119
2021-03-04,793,5.498592,0.025400000000000002,-4.444444444444445,1,1,0.18574077479062928
2021-03-05,794,5.856224,0.016933333333333335,-7.777777777777778,1,1,0.24392435416858227
2021-03-06,795,4.291583999999999,0.00846666666666667,-6.666666666666666,1,1,0.26124846463609563
2021-03-07,796,1.8775680000000001,0,-6.111111111111111,1,1,0.18650088726934885
2021-03-08,797,1.743456,0,-6.666666666666666,1,1,0.14704073278773963
2021-03-09,798,3.308096,0,1.1111111111111112,3.388888888888889,1,0.14106340603269624
2021-03-10,799,4.604512000000001,0,3.333333333333333,5.166666666666666,1,0.22911004779010055
2021-03-11,800,7.912608,0,12.777777777777777,12.722222222222221,1,0.20822683157338417
2021-03-12,801,5.990336,0.025400000000000002,6.111111111111111,7.388888888888889,1,0.14937917834259198
2021-03-13,802,4.202176,0.016933333333333335,-1.1111111111111112,1.6111111111111112,1,0.13431912673468527
2021-03-14,803,8.091424,0.00846666666666667,-4.444444444444445,1,1,0.354033712120179
2021-03-15,804,6.795007999999999,0,-10,1,1,0.37542528398589536
2021-03-16,805,2.7269439999999996,0,-4.444444444444445,1,1,0.6675403265955895
2021-03-17,806,3.844544,0,3.333333333333333,5.166666666666666,1,0.6986007494168174
2021-03-18,807,4.872736,0.10160000000000001,1.6666666666666665,3.833333333333333,1,0.8362928868356025
2021-03-19,808,5.14096,0,-4.444444444444445,1,1,0.754910792119847
2021-03-20,809,1.8775680000000001,0,3.333333333333333,5.166666666666666,1,0.3803055652799397
2021-03-21,810,1.0728959999999998,0,7.222222222222222,8.277777777777779,1,0.24947467294659814
2021-03-22,811,2.548128,0,8.88888888888889,9.61111111111111,1,0.3068784966382751
2021-03-23,812,2.7269439999999996,0,10.555555555555555,10.944444444444445,1,0.24626474685756525
2021-03-24,813,4.91744,0.025400000000000002,10.555555555555555,10.944444444444445,1,0.4750383354453362
2021-03-25,814,5.096256,0,17.22222222222222,16.27777777777778,1,0.3126036998354109
2021-03-26,815,4.336288,1.0413999999999999,12.777777777777777,12.722222222222221,1,0.35483316625142447
2021-03-27,816,3.621024,0,5,6.5,1,0.6478064592052409
2021-03-28,817,3.844544,0.5588,5.555555555555555,6.944444444444445,2,0.8517412673671367
2021-03-29,818,6.25856,0.025400000000000002,3.333333333333333,5.166666666666666,2,0.6105154904745203
2021-03-30,819,6.750304,0,7.222222222222222,8.277777777777779,2,0.5225666358690118
2021-03-31,820,7.1079360000000005,0.5334,11.11111111111111,11.38888888888889,2,0.32782266532874516
2021-04-01,821,5.722112,0.635,1.1111111111111112,3.388888888888889,3,0.3086965261866694
2021-04-02,822,5.2303679999999995,0.3175,-1.6666666666666665,1.1666666666666667,3,0.44333559274442597
2021-04-03,823,1.385824,0,1.6666666666666665,3.833333333333333,3,0.7813774287037111
2021-04-04,824,2.861056,0,5,6.5,3,0.6695703382387241
2021-04-05,825,6.3032639999999995,0,8.333333333333334,9.166666666666668,3,0.1799632344562872
2021-04-06,826,3.3975039999999996,0,8.88888888888889,9.61111111111111,3,0.14121880439689372
2021-04-07,827,3.621024,0,11.11111111111111,11.38888888888889,3,0.21330950144012006
2021-04-08,828,1.207008,0,13.333333333333332,13.166666666666666,3,0.27177513780432994
2021-04-09,829,4.336288,0,16.666666666666668,15.833333333333336,2,0.3248047442453813
2021-04-10,830,2.45872,0.050800000000000005,18.88888888888889,17.611111111111114,2,0.4639106503668927
2021-04-11,831,3.173984,0.025400000000000002,15.555555555555555,14.944444444444445,2,0.6178581288799687
2021-04-12,832,2.190496,0,14.444444444444445,14.055555555555557,2,0.4392117977041258
2021-04-13,833,2.90576,0,12.222222222222221,12.277777777777779,2,0.44274124034612133
2021-04-14,834,2.101088,0.8509000000000001,15.555555555555555,14.944444444444445,2,0.4327380646352322
2021-04-15,835,3.621024,1.7018000000000002,8.88888888888889,9.61111111111111,3,0.7987249086850949
2021-04-16,836,3.173984,1.3970000000000002,3.888888888888889,5.611111111111111,3,0.5811238747350302
2021-04-17,837,3.442208,0,6.111111111111111,7.388888888888889,3,0.46218685956054284
2021-04-18,838,1.8328639999999998,0,8.333333333333334,9.166666666666668,3,0.5529414939223799
2021-04-19,839,2.101088,0.3048,11.11111111111111,11.38888888888889,3,0.42279302428738763
2021-04-20,840,5.006848,0.6096,9.444444444444445,10.055555555555557,3,0.2282717693892323
2021-04-21,841,4.559807999999999,0.9144,2.7777777777777777,4.722222222222222,3,0.292467719910394
2021-04-22,842,5.945632,0.025400000000000002,1.1111111111111112,3.388888888888889,3,0.3235279998823942
2021-04-23,843,4.872736,0,9.444444444444445,10.055555555555557,3,0.39756343450264214
2021-04-24,844,2.548128,0.0889,11.666666666666666,11.833333333333334,3,0.5220861280475333
2021-04-25,845,2.369312,0.1778,10.555555555555555,10.944444444444445,3,0.2683099465321017
2021-04-26,846,5.766816,0.0889,4.444444444444445,6.055555555555555,3,0.12153255772810412
2021-04-27,847,1.4752319999999999,0,7.777777777777778,8.722222222222221,3,0.2244436171872671
2021-04-28,848,1.966976,1.3462,12.777777777777777,12.722222222222221,3,0.6307207237695182
2021-04-29,849,1.162304,0.8636,12.222222222222221,12.277777777777779,3,0.553893284436151
2021-04-30,850,4.291583999999999,2.1336,7.777777777777778,8.722222222222221,3,0.6383871089468804
2021-05-01,851,3.263392,0.3048,7.222222222222222,8.277777777777779,3,0.41767140134706143
2021-05-02,852,3.442208,0.22013333333333335,12.222222222222221,12.277777777777779,3,0.24265912798736555
2021-05-03,853,2.324608,0.1354666666666667,8.88888888888889,9.61111111111111,3,0.30155811447748204
2021-05-04,854,1.609344,0.050800000000000005,10.555555555555555,10.944444444444445,3,0.2937363530938479
2021-05-05,855,2.592832,2.032,12.777777777777777,12.722222222222221,3,0.2898077550548026
2021-05-06,856,5.006848,0,10,10.5,3,0.31202974229141894
2021-05-07,857,2.369312,0,9.444444444444445,10.055555555555557,3,0.47879895207658973
2021-05-08,858,2.592832,0.050800000000000005,12.222222222222221,12.277777777777779,3,0.5152886655638913
2021-05-09,859,2.369312,0.025400000000000002,12.222222222222221,12.277777777777779,3,0.3278514170985237
2021-05-10,860,2.548128,0.10160000000000001,13.88888888888889,13.611111111111112,3,0.3387503154556336
2021-05-11,861,3.6657279999999997,0.0762,10.555555555555555,10.944444444444445,3,0.3543388859728712
2021-05-12,862,2.45872,0.127,12.222222222222221,12.277777777777779,3,0.5039339316696371
2021-05-13,863,2.01168,0,13.333333333333332,13.166666666666666,2,0.6051384569264282
2021-05-14,864,2.324608,0,16.11111111111111,15.38888888888889,1,0.4487198930762767
2021-05-15,865,1.743456,0,16.666666666666668,15.833333333333336,1,0.4228895143647363
2021-05-16,866,1.922272,0,16.666666666666668,15.833333333333336,1,0.5057960855804904
2021-05-17,867,1.34112,0,18.333333333333332,17.166666666666664,1,0.45806637848396037
2021-05-18,868,2.324608,0,20,18.5,1,0.42993416995682665
2021-05-19,869,1.4752319999999999,0,19.444444444444443,18.055555555555557,1,0.5359875759926974
2021-05-20,870,2.369312,0,23.88888888888889,21.61111111111111,1,0.683129596626708
2021-05-21,871,3.933952,0.03386666666666666,26.666666666666664,23.833333333333332,1,0.6371393071301383
2021-05-22,872,2.548128,0.06773333333333333,25.555555555555554,22.944444444444443,1,0.5730507062954551
2021-05-23,873,3.889248,0.10160000000000001,17.22222222222222,16.27777777777778,1,0.6053013024441256
2021-05-24,874,1.609344,0,14.444444444444445,14.055555555555557,1,0.6044458825989634
2021-05-25,875,6.973824,0,20.555555555555554,18.944444444444443,1,0.6894142386622016
2021-05-26,876,5.677408,0.254,25.555555555555554,22.944444444444443,1,1.1771883586180714
2021-05-27,877,5.543296,0,15,14.5,1,0.7123598986580816
2021-05-28,878,2.592832,0,8.333333333333334,9.166666666666668,1,0.6153236807444733
2021-05-29,879,1.8775680000000001,0,13.88888888888889,13.611111111111112,1,0.5269559869581635
2021-05-30,880,1.519936,0.381,11.666666666666666,11.833333333333334,1,0.948504544926948
2021-05-31,881,2.45872,0.10160000000000001,12.777777777777777,12.722222222222221,1,0.9217039534604334
2021-06-01,882,2.9504639999999998,0.025400000000000002,16.666666666666668,15.833333333333336,1,0.7448002403253672
2021-06-02,883,3.889248,0.03386666666666666,20,18.5,1,0.4254025391249511
2021-06-03,884,5.185664,0.042333333333333334,19.444444444444443,18.055555555555557,1,0.50476303653112
2021-06-04,885,2.7269439999999996,0.050800000000000005,23.333333333333332,21.166666666666668,1,0.34787904339115544
2021-06-05,886,4.202176,0.050800000000000005,25.555555555555554,22.944444444444443,1,0.22997459320252753
2021-06-06,887,3.79984,0.025400000000000002,27.22222222222222,24.27777777777778,1,0.35172982563057187
2021-06-07,888,3.218688,0,28.333333333333332,25.166666666666668,1,0.6567535113041184
2021-06-08,889,3.486912,0.3556,27.22222222222222,24.27777777777778,1,0.919053449244162
2021-06-09,890,3.933952,0.7112,24.444444444444443,22.055555555555557,1,0.7098812316621933
2021-06-10,891,3.084576,0,19.444444444444443,18.055555555555557,1,0.8504697232871047
2021-06-11,892,3.084576,0,18.333333333333332,17.166666666666664,1,0.7884865549354008
2021-06-12,893,1.78816,0,20,18.5,1,0.936772408532652
2021-06-13,894,2.2352,0,21.11111111111111,19.38888888888889,1,0.9776330319982177
2021-06-14,895,4.112768,1.3716000000000002,19.444444444444443,18.055555555555557,1,0.6706161147336933
2021-06-15,896,2.548128,0.9398,20,18.5,2,0.9292932999200817
2021-06-16,897,3.621024,0,16.666666666666668,15.833333333333336,1,0.5575421665339169
2021-06-17,898,2.995168,0,17.77777777777778,16.72222222222222,1,0.6096070603509768
2021-06-18,899,4.02336,0.025400000000000002,18.88888888888889,17.611111111111114,1,0.7738299946080487
2021-06-19,900,3.486912,0.9652000000000001,23.333333333333332,21.166666666666668,2,0.43391424892699426
2021-06-20,901,1.519936,0,22.22222222222222,20.27777777777778,2,0.5018684639673904
2021-06-21,902,5.14096,0.7365999999999999,26.666666666666664,23.833333333333332,2,0.6827187198102231
2021-06-22,903,4.02336,0.36829999999999996,17.22222222222222,16.27777777777778,2,0.8358976153614692
2021-06-23,904,1.743456,0,16.11111111111111,15.38888888888889,2,0.7759533796948602
2021-06-24,905,4.291583999999999,0,18.88888888888889,17.611111111111114,2,0.772988384580715
2021-06-25,906,5.006848,0,22.77777777777778,20.722222222222225,2,0.6275625243744549
2021-06-26,907,6.795007999999999,0.050800000000000005,23.333333333333332,21.166666666666668,2,0.8563659186231206
2021-06-27,908,6.660896,0,29.444444444444443,26.055555555555557,2,0.8849886753583391
2021-06-28,909,3.084576,0.1778,29.444444444444443,26.055555555555557,1,0.3955548234671963
2021-06-29,910,2.190496,0.5207,28.88888888888889,25.611111111111114,1,0.4757488695706428
2021-06-30,911,3.12928,0.8636,25.555555555555554,22.944444444444443,2,1.0766356706155713
2021-07-01,912,2.2352,0.8255,22.22222222222222,20.27777777777778,2,0.965661236827397
2021-07-02,913,2.7269439999999996,0.7874,18.333333333333332,17.166666666666664,2,1.1669743721834536
2021-07-03,914,1.4752319999999999,0.3556,16.11111111111111,15.38888888888889,2,0.7393888840449676
2021-07-04,915,2.2799039999999997,0,18.333333333333332,17.166666666666664,2,0.5670322104768228
2021-07-05,916,3.084576,0,20.555555555555554,18.944444444444443,2,0.4898543797295668
2021-07-06,917,4.02336,0.20320000000000002,26.666666666666664,23.833333333333332,2,0.49591566211837235
2021-07-07,918,3.12928,0.5334000000000001,19.444444444444443,18.055555555555557,2,0.27865027709036194
2021-07-08,919,3.621024,0.8636,18.333333333333332,17.166666666666664,2,0.2869264938747721
2021-07-09,920,3.844544,0.40640000000000004,20.555555555555554,18.944444444444443,3,0.41619940082578777
2021-07-10,921,2.861056,0,20,18.5,3,0.661027873769374
2021-07-11,922,1.430528,0,20.555555555555554,18.944444444444443,3,0.811075402060941
2021-07-12,923,2.101088,0,23.333333333333332,21.166666666666668,3,0.35620504914558854
2021-07-13,924,3.7551360000000003,1.2954,21.666666666666668,19.833333333333336,3,0.4631606784775702
2021-07-14,925,4.69392,0.508,25,22.5,3,0.35473466049727753
2021-07-15,926,4.112768,0,25,22.5,2,0.5760275864550365
2021-07-16,927,4.068064,0.4318,23.333333333333332,21.166666666666668,2,0.4310689898997097
2021-07-17,928,1.654048,0.8636,21.666666666666668,19.833333333333336,2,0.49284207180099393
2021-07-18,929,2.45872,3.5559999999999996,20,18.5,3,0.48159295245826234
2021-07-19,930,1.385824,0.10160000000000001,22.77777777777778,20.722222222222225,3,0.46019362786393625
2021-07-20,931,1.0728959999999998,3.1496,22.77777777777778,20.722222222222225,3,0.9238625970095053
2021-07-21,932,2.1457919999999997,0.1524,17.77777777777778,16.72222222222222,3,0.5113061145915535
2021-07-22,933,1.966976,0,19.444444444444443,18.055555555555557,3,0.35254098938788697
2021-07-23,934,1.922272,0,21.11111111111111,19.38888888888889,3,0.3132596671663849
2021-07-24,935,2.2799039999999997,0,21.11111111111111,19.38888888888889,3,0.3815934472187532
2021-07-25,936,4.604512000000001,0.5842,24.444444444444443,22.055555555555557,3,0.3493224799600369
2021-07-26,937,2.056384,0.5715,24.444444444444443,22.055555555555557,3,0.323660935891203
2021-07-27,938,0.983488,0.5588,20.555555555555554,18.944444444444443,3,0.30370404341154783
2021-07-28,939,2.01168,0,19.444444444444443,18.055555555555557,3,0.5776162667526975
2021-07-29,940,1.8775680000000001,0.025400000000000002,18.333333333333332,17.166666666666664,3,0.637058612442336
2021-07-30,941,4.604512000000001,0.8382000000000001,18.88888888888889,17.611111111111114,3,0.6385410846672238
2021-07-31,942,2.369312,0,19.444444444444443,18.055555555555557,3,0.3858533506157427
2021-08-01,943,1.654048,1.8796,17.22222222222222,16.27777777777778,3,0.32359260767071846
2021-08-02,944,2.7269439999999996,0.508,18.88888888888889,17.611111111111114,3,0.5701666132911404
2021-08-03,945,3.7551360000000003,0,19.444444444444443,18.055555555555557,2,0.22032956390382052
2021-08-04,946,1.56464,0,21.11111111111111,19.38888888888889,2,0.6249456073149411
2021-08-05,947,1.385824,0,22.77777777777778,20.722222222222225,2,0.5778959381355293
2021-08-06,948,2.771648,0,23.333333333333332,21.166666666666668,2,0.3139071034088421
2021-08-07,949,2.995168,0.5334,25,22.5,3,0.33917585878683426
2021-08-08,950,1.519936,0.2667,24.444444444444443,22.055555555555557,2,0.6125779527853219
2021-08-09,951,3.308096,0,26.666666666666664,23.833333333333332,2,0.50098249628575
2021-08-10,952,4.380992,0.41910000000000003,26.666666666666664,23.833333333333332,2,0.4439184133269213
2021-08-11,953,4.336288,0.8382000000000001,28.333333333333332,25.166666666666668,2,0.8225114182340855
2021-08-12,954,3.531616,0,27.77777777777778,24.722222222222225,2,0.4230587522492383
2021-08-13,955,3.12928,1.6002,27.22222222222222,24.27777777777778,3,0.3010384475822854
2021-08-14,956,3.7104320000000004,3.2004,23.333333333333332,21.166666666666668,3,0.7120442784096398
2021-08-15,957,2.414016,0,18.88888888888889,17.611111111111114,3,0.6044750083914594
2021-08-16,958,1.4752319999999999,0,18.88888888888889,17.611111111111114,3,0.7024742769251029
2021-08-17,959,2.2799039999999997,0.2794,18.88888888888889,17.611111111111114,3,0.7676761212739204
2021-08-18,960,3.218688,0.050800000000000005,23.88888888888889,21.61111111111111,3,0.5775057414234765
2021-08-19,961,2.369312,2.286,23.333333333333332,21.166666666666668,3,0.6215592122569504
2021-08-20,962,1.609344,1.143,26.666666666666664,23.833333333333332,3,0.6643306959908043
2021-08-21,963,1.4752319999999999,0,27.22222222222222,24.27777777777778,3,0.5215603976500123
2021-08-22,964,2.592832,0,27.22222222222222,24.27777777777778,3,0.4310797174857141
2021-08-23,965,2.369312,0,26.11111111111111,23.38888888888889,3,0.28538999694449985
2021-08-24,966,1.654048,0,26.666666666666664,23.833333333333332,3,0.38319636379737165
2021-08-25,967,2.45872,0,25.555555555555554,22.944444444444443,3,0.32038134917845074
2021-08-26,968,2.01168,0,28.88888888888889,25.611111111111114,3,0.46648068153370004
2021-08-27,969,3.263392,0,21.11111111111111,19.38888888888889,3,0.4927942723521954
2021-08-28,970,3.7104320000000004,0.508,19.444444444444443,18.055555555555557,2,0.6054626450975025
2021-08-29,971,5.275072000000001,1.016,22.22222222222222,20.27777777777778,2,0.5772924253423254
2021-08-30,972,3.79984,0.5842,25,22.5,3,0.5635106051765182
2021-08-31,973,2.8163519999999997,0,22.22222222222222,20.27777777777778,3,0.5703024416964806
2021-09-01,974,1.251712,0,18.333333333333332,17.166666666666664,3,0.5748563857507409
2021-09-02,975,3.978656,0.050800000000000005,17.77777777777778,16.72222222222222,1,0.5247810419424376
2021-09-03,976,3.12928,0.025400000000000002,18.333333333333332,17.166666666666664,1,0.4808629545293912
2021-09-04,977,1.4752319999999999,0,19.444444444444443,18.055555555555557,1,0.4889211261086669
2021-09-05,978,4.515104,0.9398,18.88888888888889,17.611111111111114,1,0.597062418907376
2021-09-06,979,2.9504639999999998,1.8796,17.77777777777778,16.72222222222222,2,0.4411589179798203
2021-09-07,980,2.1457919999999997,0,18.88888888888889,17.611111111111114,2,0.4968717701760651
2021-09-08,981,4.9621439999999994,2.413,22.77777777777778,20.722222222222225,3,0.42109991077904213
2021-09-09,982,2.369312,0,20,18.5,3,0.42596705948015573
2021-09-10,983,3.889248,0.050800000000000005,15.555555555555555,14.944444444444445,3,0.41492657056159404
2021-09-11,984,3.889248,0,17.77777777777778,16.72222222222222,3,0.41151108444518963
2021-09-12,985,5.2303679999999995,0.025400000000000002,21.11111111111111,19.38888888888889,3,0.38493770778887043
2021-09-13,986,2.190496,0,18.88888888888889,17.611111111111114,3,0.6667832741578588
2021-09-14,987,3.039872,0,17.77777777777778,16.72222222222222,3,0.30930429567414125
2021-09-15,988,4.291583999999999,0.9906,21.11111111111111,19.38888888888889,3,0.33723076533192675
2021-09-16,989,1.028192,0,18.333333333333332,17.166666666666664,3,0.5655664481491579
2021-09-17,990,3.039872,0,20,18.5,3,0.6946287908548834
2021-09-18,991,2.90576,0,18.88888888888889,17.611111111111114,2,0.7257737247218625
2021-09-19,992,NA,0,NA,NA,2,0.1580799814635712
