site,plot,site.plot,k_TSS,k_TP,k_f_OSS,k_f_SRP,k_OSS2ROP,k_SRP2PIP,k_ISS2PIP,k_shootM,shootM_sd,k_rootM,rootM_sd,k_BM2P_litter,k_BM2P_root,k_BM2P_shoot,k_BM2P_rootshoot,k_BM2P,sand,silt,clay,k_clay,k_f_fines,k_Ex_max,k_PSR,k_LOI,obs_TM_a,obs_IM_a,obs_OM_a,obs_TP_a,obs_IP_a,obs_OP_a,simyears,k_HRT,Z_a_actual,k_HRT_a,k_HRT_b,Z_a,k_DIP_E_O2,k_DIP_E_N2,IO_use_k_DIP_E,IO_Q_net,IO_HRT_power_model,est_Litter_gm2_mean,est_Litter_tp_gm2_mean,est_Litter_gm2_sd,est_Litter_tp_gm2_sd,obs_shootM_t49,obs_shootM_t92,obs_shootM_t458,street,street_abbrev1,street_abbrev2,id,sim_IM_deposition,sim_litterP_t365,sim_shootM_t49,sim_shootM_t92,sim_shootM_t458,sim_init_TP,sim_delta_TP,sim_delta_TP_yr,parsheet,sim_delta_TP_b,sim_delta_TP_b_yr,IO_Hx,scenario,obs_IM_a_minus_ash,Csource,Cx
LC,0,LC.0,3.5,0.07175,0.657894737,0.404897959,0.001,0.898632399,0.002148532,150.7250817,93.7112975,1646.416928,353.2679194,1553.744318,9.96E-04,0.001658642,0.001327356,0.001047241,37.3,51.45,11.25,0.1125,0.627,3.363863592,0.121477974,0.239729493,313.1481481,52.94000455,260.2081436,0.960115663,0.2915142,0.668601463,2,10,83.52687857,0.355,-3.5,0,0.082485441,0.291137111,TRUE,TRUE,FALSE,183.5901976,0.28928446,88.87832993,0.140046255,60,309.3333333,227.9254426,Prindle Rd,PrRd,Pr,Pr0,20.945306,0.159032934,225.0801186,290.6014146,415.4498282,24.99349025,0.581007276,0.290503638,pars_lcbp_stream_10d,NA,NA,NA,stream_10d,26.91919019,stream,NA
LC,2,LC.2,3.5,0.07175,0.657894737,0.404897959,0.001,0.898632399,0.002148532,386.9032076,137.4791522,974.783356,374.4772829,755.1727749,0.001343714,0.001026814,0.001185264,0.00121508,16.73,52.02,31.25,0.3125,0.8327,4.14955365,0.085800625,0.188337597,461.6666667,35.86250912,425.8041575,0.367765561,0.095796323,0.271969238,2,10,83.91616429,0.355,-3.5,0.38928572,0.131826667,0.217345,TRUE,TRUE,FALSE,456.2152429,0.172538324,134.2054241,0.05075582,616,565.3333333,468.7305969,Prindle Rd,PrRd,Pr,Pr2,5.142085759,0.232318716,405.8322493,428.0778006,261.0430047,26.80984713,0.157535964,0.078767982,pars_lcbp_stream_10d,NA,NA,NA,stream_10d,0,stream,NA
LC,4,LC.4,3.5,0.07175,0.657894737,0.404897959,0.001,0.898632399,0.002148532,281.625443,70.67210999,1223.052575,304.2292522,952.8972973,0.001335141,0.001157442,0.001246291,0.001282739,15.485,49.515,35,0.35,0.84515,3.858700772,0.069779359,0.152942887,446.037037,37.29926442,408.7377726,0.330085904,0.086596032,0.243489872,2,10,83.99556818,0.355,-3.5,0.46868961,0.191737778,0.265600111,TRUE,TRUE,FALSE,348.6223241,0.176736434,19.23333074,0.009750466,473.3333333,434.6666667,530.7807397,Prindle Rd,PrRd,Pr,Pr4,2.838506844,0.185862959,299.1722651,318.6650981,212.0007776,25.49468444,0.087394401,0.043697201,pars_lcbp_stream_10d,NA,NA,NA,stream_10d,0,stream,NA
OCD,0,OCD.0,23.85416667,0.0595,0.233108108,0.25872691,0.001,0.622696754,9.00E-04,354.0122067,108.4294913,1583.696284,619.9615315,1147.873853,0.00138204,0.001494126,0.001438083,0.001370888,6.45,78.55,15,0.15,0.9355,5.103527419,0.126295222,0.302884956,547.9259259,213.6969339,334.228992,1.252862509,0.700275821,0.552586688,2,10,77.29694,2.9,-3.6,0,0.026090917,0.054714833,TRUE,TRUE,FALSE,342.862534,0.358455798,75.67341571,0.079115015,636,450.6666667,904.8248561,Union St,UnSt,Un,Un0,295.5574951,0.265052581,383.4511701,415.1031994,312.1087238,33.17004239,1.310988067,0.655494033,pars_lcbp_stream_10d,NA,NA,NA,stream_10d,180.2740347,stream,NA
OCD,2,OCD.2,23.85416667,0.0595,0.233108108,0.25872691,0.001,0.622696754,9.00E-04,333.2117674,122.4673759,2007.931757,1432.086419,1140.977366,0.002065388,0.002592825,0.002329107,0.002037138,6.255,83.745,10,0.1,0.93745,5.196789836,0.120631309,0.186592155,506,48.60192102,457.398079,0.7154125,0.316935833,0.398476667,2,10,77.66302273,2.9,-3.6,0.36608273,0.018806667,0.06557,TRUE,TRUE,FALSE,338.027632,0.244286584,55.63756039,0.04020828,369.3333333,453.3333333,624.040743,Union St,UnSt,Un,Un2,103.9676736,0.352429674,354.7359194,378.891151,261.2538294,48.338224,0.520692458,0.260346229,pars_lcbp_stream_10d,NA,NA,NA,stream_10d,2.862113127,stream,NA
OCD,4,OCD.4,23.85416667,0.0595,0.233108108,0.25872691,0.001,0.622696754,9.00E-04,369.4242291,153.5606539,1387.694268,444.6400265,540.7189189,0.001258202,0.001557041,0.001407622,0.001214193,15.99,75.26,8.75,0.0875,0.8401,5.001352209,0.092330546,0.176546443,243.0740741,23.40005821,219.6740159,0.224107975,0.078156381,0.145951594,2,10,77.82101905,2.9,-3.6,0.52407905,0.022963917,0.060130667,TRUE,TRUE,FALSE,405.506307,0.183777432,96.56614676,0.043764248,809.3333333,488,802.6340366,Union St,UnSt,Un,Un4,49.49160922,0.218929434,385.9007991,406.0103589,244.9008727,32.70074521,0.29417291,0.147086455,pars_lcbp_stream_10d,NA,NA,NA,stream_10d,1.432656625,stream,NA
OCSP,0,OCSP.0,12.25,0.056,0.544117647,0.277354264,0.001,1.419211325,9.38E-04,302.2356116,73.01311349,1064.508723,164.5863743,1421.035176,0.001486656,0.002742946,0.002114801,0.001618305,1.455,87.295,11.25,0.1125,0.98545,3.446903927,0.166431828,0.299142644,544.8518519,78.88075708,465.9710948,1.681420674,1.031133929,0.650286745,2,10,75.09847021,0.55,-2.3,0,0.11172225,0.22923775,TRUE,TRUE,FALSE,331.5199636,0.474308185,61.11634656,0.087439631,446.6666667,438.6666667,712.3534304,Swamp Rd,SwRd,Sw,Sw0,85.98069331,0.337477608,381.1322253,449.7457297,452.2391538,33.00877685,0.63875728,0.31937864,pars_lcbp_stream_10d,NA,NA,NA,stream_10d,32.2836476,stream,NA
OCSP,2,OCSP.2,12.25,0.056,0.544117647,0.277354264,0.001,1.419211325,9.38E-04,222.6413311,87.60674812,845.857586,435.4389314,1675.106061,0.001224977,0.003371581,0.002298279,0.001495516,2.965,82.035,15,0.15,0.97035,4.136546835,0.18547916,0.203979121,584.8148148,149.5114798,435.303335,1.37967072,0.763014012,0.616656708,2,10,75.18614762,0.55,-2.3,0.08767741,0.157933333,0.408546,TRUE,TRUE,FALSE,234.8744671,0.324222942,65.31431301,0.090160497,194.6666667,294.6666667,606.0630899,Swamp Rd,SwRd,Sw,Sw2,71.86592891,0.271826965,305.6711184,377.1006719,450.2878803,44.58459211,0.482259909,0.241129955,pars_lcbp_stream_10d,NA,NA,NA,stream_10d,105.9811463,stream,NA
OCSP,4,OCSP.4,12.25,0.056,0.544117647,0.277354264,0.001,1.419211325,9.38E-04,184.2188945,47.053772,505.2496394,277.9309908,1086.762397,0.001128456,0.004259469,0.002693963,0.001541173,24.085,68.415,7.5,0.075,0.75915,3.775993713,0.13297581,0.17311022,278.8148148,46.01266099,232.8021538,0.398397048,0.126733908,0.27166314,2,10,76.17881,0.55,-2.3,1.08033979,0.022903,0.145474909,TRUE,TRUE,FALSE,222.7451398,0.142453723,36.46432458,0.023320279,29.33333333,305.3333333,337.7733333,Swamp Rd,SwRd,Sw,Sw4,4.217311124,0.229657794,239.0533551,288.4548764,339.837237,36.26090855,0.048860775,0.024430388,pars_lcbp_stream_10d,NA,NA,NA,stream_10d,22.73244561,stream,NA
LC,0,LC.0,3.5,0.07175,0.657894737,0.404897959,0.001,0.898632399,0.002148532,150.7250817,93.7112975,1646.416928,353.2679194,1553.744318,9.96E-04,0.001658642,0.001327356,0.001047241,37.3,51.45,11.25,0.1125,0.627,3.363863592,0.121477974,0.239729493,313.1481481,52.94000455,260.2081436,0.960115663,0.2915142,0.668601463,2,100,83.52687857,0.71,-3.5,0,0.082485441,0.291137111,TRUE,TRUE,FALSE,183.5901976,0.28928446,88.87832993,0.140046255,60,309.3333333,227.9254426,Prindle Rd,PrRd,Pr,Pr0,4.891435326,0.158815857,224.7368217,290.290142,407.3493098,24.99349025,0.127193766,0.063596883,pars_lcbp_stream_100d,1.149644045,0.063596883,NA,stream_100d,26.91919019,stream,NA
LC,2,LC.2,3.5,0.07175,0.657894737,0.404897959,0.001,0.898632399,0.002148532,386.9032076,137.4791522,974.783356,374.4772829,755.1727749,0.001343714,0.001026814,0.001185264,0.00121508,16.73,52.02,31.25,0.3125,0.8327,4.14955365,0.085800625,0.188337597,461.6666667,35.86250912,425.8041575,0.367765561,0.095796323,0.271969238,2,100,83.91616429,0.71,-3.5,0.38928572,0.131826667,0.217345,TRUE,TRUE,FALSE,456.2152429,0.172538324,134.2054241,0.05075582,616,565.3333333,468.7305969,Prindle Rd,PrRd,Pr,Pr2,2.612402016,0.232100178,405.740472,427.9377979,259.9609695,26.80984713,0.085897911,0.042948955,pars_lcbp_stream_100d,0.56250822,0.042948955,NA,stream_100d,0,stream,NA
LC,4,LC.4,3.5,0.07175,0.657894737,0.404897959,0.001,0.898632399,0.002148532,281.625443,70.67210999,1223.052575,304.2292522,952.8972973,0.001335141,0.001157442,0.001246291,0.001282739,15.485,49.515,35,0.35,0.84515,3.858700772,0.069779359,0.152942887,446.037037,37.29926442,408.7377726,0.330085904,0.086596032,0.243489872,2,100,83.99556818,0.71,-3.5,0.46868961,0.191737778,0.265600111,TRUE,TRUE,FALSE,348.6223241,0.176736434,19.23333074,0.009750466,473.3333333,434.6666667,530.7807397,Prindle Rd,PrRd,Pr,Pr4,1.82367771,0.185769394,299.1345675,318.6115334,211.5871861,25.49468444,0.058268197,0.029134098,pars_lcbp_stream_100d,0.394001642,0.029134098,NA,stream_100d,0,stream,NA
OCD,0,OCD.0,23.85416667,0.0595,0.233108108,0.25872691,0.001,0.622696754,9.00E-04,354.0122067,108.4294913,1583.696284,619.9615315,1147.873853,0.00138204,0.001494126,0.001438083,0.001370888,6.45,78.55,15,0.15,0.9355,5.103527419,0.126295222,0.302884956,547.9259259,213.6969339,334.228992,1.252862509,0.700275821,0.552586688,2,100,77.29694,5.8,-3.6,0,0.026090917,0.054714833,TRUE,TRUE,FALSE,342.862534,0.358455798,75.67341571,0.079115015,636,450.6666667,904.8248561,Union St,UnSt,Un,Un0,86.82395076,0.26433664,383.2790053,414.8124777,304.9135228,33.17004239,0.444235597,0.222117798,pars_lcbp_stream_100d,0.759603478,0.222117798,NA,stream_100d,180.2740347,stream,NA
OCD,2,OCD.2,23.85416667,0.0595,0.233108108,0.25872691,0.001,0.622696754,9.00E-04,333.2117674,122.4673759,2007.931757,1432.086419,1140.977366,0.002065388,0.002592825,0.002329107,0.002037138,6.255,83.745,10,0.1,0.93745,5.196789836,0.120631309,0.186592155,506,48.60192102,457.398079,0.7154125,0.316935833,0.398476667,2,100,77.66302273,5.8,-3.6,0.36608273,0.018806667,0.06557,TRUE,TRUE,FALSE,338.027632,0.244286584,55.63756039,0.04020828,369.3333333,453.3333333,624.040743,Union St,UnSt,Un,Un2,56.78542712,0.352119315,354.700116,378.8293464,259.7768693,48.338224,0.296551315,0.148275658,pars_lcbp_stream_100d,0.577941528,0.148275658,NA,stream_100d,2.862113127,stream,NA
OCD,4,OCD.4,23.85416667,0.0595,0.233108108,0.25872691,0.001,0.622696754,9.00E-04,369.4242291,153.5606539,1387.694268,444.6400265,540.7189189,0.001258202,0.001557041,0.001407622,0.001214193,15.99,75.26,8.75,0.0875,0.8401,5.001352209,0.092330546,0.176546443,243.0740741,23.40005821,219.6740159,0.224107975,0.078156381,0.145951594,2,100,77.82101905,5.8,-3.6,0.52407905,0.022963917,0.060130667,TRUE,TRUE,FALSE,405.506307,0.183777432,96.56614676,0.043764248,809.3333333,488,802.6340366,Union St,UnSt,Un,Un4,36.79999314,0.218901582,385.9007991,406.0103589,244.4527911,32.70074521,0.204680937,0.102340468,pars_lcbp_stream_100d,0.395113177,0.102340468,NA,stream_100d,1.432656625,stream,NA
OCSP,0,OCSP.0,12.25,0.056,0.544117647,0.277354264,0.001,1.419211325,9.38E-04,302.2356116,73.01311349,1064.508723,164.5863743,1421.035176,0.001486656,0.002742946,0.002114801,0.001618305,1.455,87.295,11.25,0.1125,0.98545,3.446903927,0.166431828,0.299142644,544.8518519,78.88075708,465.9710948,1.681420674,1.031133929,0.650286745,2,100,75.09847021,1.1,-2.3,0,0.11172225,0.22923775,TRUE,TRUE,FALSE,331.5199636,0.474308185,61.11634656,0.087439631,446.6666667,438.6666667,712.3534304,Swamp Rd,SwRd,Sw,Sw0,38.60701321,0.337391127,381.1322253,449.7457297,446.9589691,33.00877685,0.250152503,0.125076251,pars_lcbp_stream_100d,1.977537414,0.125076251,NA,stream_100d,32.2836476,stream,NA
OCSP,2,OCSP.2,12.25,0.056,0.544117647,0.277354264,0.001,1.419211325,9.38E-04,222.6413311,87.60674812,845.857586,435.4389314,1675.106061,0.001224977,0.003371581,0.002298279,0.001495516,2.965,82.035,15,0.15,0.97035,4.136546835,0.18547916,0.203979121,584.8148148,149.5114798,435.303335,1.37967072,0.763014012,0.616656708,2,100,75.18614762,1.1,-2.3,0.08767741,0.157933333,0.408546,TRUE,TRUE,FALSE,234.8744671,0.324222942,65.31431301,0.090160497,194.6666667,294.6666667,606.0630899,Swamp Rd,SwRd,Sw,Sw2,34.26344918,0.271740695,305.6711184,377.1006719,446.7740222,44.58459211,0.176066567,0.088033284,pars_lcbp_stream_100d,2.011515938,0.088033284,NA,stream_100d,105.9811463,stream,NA
OCSP,4,OCSP.4,12.25,0.056,0.544117647,0.277354264,0.001,1.419211325,9.38E-04,184.2188945,47.053772,505.2496394,277.9309908,1086.762397,0.001128456,0.004259469,0.002693963,0.001541173,24.085,68.415,7.5,0.075,0.75915,3.775993713,0.13297581,0.17311022,278.8148148,46.01266099,232.8021538,0.398397048,0.126733908,0.27166314,2,100,76.17881,1.1,-2.3,1.08033979,0.022903,0.145474909,TRUE,TRUE,FALSE,222.7451398,0.142453723,36.46432458,0.023320279,29.33333333,305.3333333,337.7733333,Swamp Rd,SwRd,Sw,Sw4,3.514511275,0.229647954,239.0533551,288.4548764,339.7509017,36.26090855,0.043975937,0.021987969,pars_lcbp_stream_100d,1.661608791,0.021987969,NA,stream_100d,22.73244561,stream,NA
LC,0,LC.0,7,0.1435,0.657894737,0.404897959,0.001,0.898632399,0.002148532,150.7250817,93.7112975,1646.416928,353.2679194,1553.744318,9.96E-04,0.001658642,0.001327356,0.001047241,37.3,51.45,11.25,0.1125,0.627,3.363863592,0.121477974,0.239729493,313.1481481,52.94000455,260.2081436,0.960115663,0.2915142,0.668601463,2,100,83.52687857,0.71,-3.5,0,0.082485441,0.291137111,TRUE,TRUE,FALSE,183.5901976,0.28928446,88.87832993,0.140046255,60,309.3333333,227.9254426,Prindle Rd,PrRd,Pr,Pr0,9.782788012,0.1593258,225.1666797,291.3575522,412.637216,24.99349025,0.419737908,0.209868954,pars_lcbp_stream_2xC_100d,1.175322036,0.209868954,NA,stream_2xC_100d,26.91919019,stream,2
LC,2,LC.2,7,0.1435,0.657894737,0.404897959,0.001,0.898632399,0.002148532,386.9032076,137.4791522,974.783356,374.4772829,755.1727749,0.001343714,0.001026814,0.001185264,0.00121508,16.73,52.02,31.25,0.3125,0.8327,4.14955365,0.085800625,0.188337597,461.6666667,35.86250912,425.8041575,0.367765561,0.095796323,0.271969238,2,100,83.91616429,0.71,-3.5,0.38928572,0.131826667,0.217345,TRUE,TRUE,FALSE,456.2152429,0.172538324,134.2054241,0.05075582,616,565.3333333,468.7305969,Prindle Rd,PrRd,Pr,Pr2,5.224698818,0.232746339,405.9954491,428.3021595,262.333433,26.80984713,0.193732971,0.096866486,pars_lcbp_stream_2xC_100d,0.575261939,0.096866486,NA,stream_2xC_100d,0,stream,2
LC,4,LC.4,7,0.1435,0.657894737,0.404897959,0.001,0.898632399,0.002148532,281.625443,70.67210999,1223.052575,304.2292522,952.8972973,0.001335141,0.001157442,0.001246291,0.001282739,15.485,49.515,35,0.35,0.84515,3.858700772,0.069779359,0.152942887,446.037037,37.29926442,408.7377726,0.330085904,0.086596032,0.243489872,2,100,83.99556818,0.71,-3.5,0.46868961,0.191737778,0.265600111,TRUE,TRUE,FALSE,348.6223241,0.176736434,19.23333074,0.009750466,473.3333333,434.6666667,530.7807397,Prindle Rd,PrRd,Pr,Pr4,3.647227669,0.186209766,299.3283179,318.8734561,213.1115064,25.49468444,0.127590411,0.063795205,pars_lcbp_stream_2xC_100d,0.402050029,0.063795205,NA,stream_2xC_100d,0,stream,2
OCD,0,OCD.0,47.70833333,0.119,0.233108108,0.25872691,0.001,0.622696754,9.00E-04,354.0122067,108.4294913,1583.696284,619.9615315,1147.873853,0.00138204,0.001494126,0.001438083,0.001370888,6.45,78.55,15,0.15,0.9355,5.103527419,0.126295222,0.302884956,547.9259259,213.6969339,334.228992,1.252862509,0.700275821,0.552586688,2,100,77.29694,5.8,-3.6,0,0.026090917,0.054714833,TRUE,TRUE,FALSE,342.862534,0.358455798,75.67341571,0.079115015,636,450.6666667,904.8248561,Union St,UnSt,Un,Un0,173.6476687,0.265024393,383.408362,415.2613275,309.0262194,33.17004239,0.96187349,0.480936745,pars_lcbp_stream_2xC_100d,0.814249959,0.480936745,NA,stream_2xC_100d,180.2740347,stream,2
OCD,2,OCD.2,47.70833333,0.119,0.233108108,0.25872691,0.001,0.622696754,9.00E-04,333.2117674,122.4673759,2007.931757,1432.086419,1140.977366,0.002065388,0.002592825,0.002329107,0.002037138,6.255,83.745,10,0.1,0.93745,5.196789836,0.120631309,0.186592155,506,48.60192102,457.398079,0.7154125,0.316935833,0.398476667,2,100,77.66302273,5.8,-3.6,0.36608273,0.018806667,0.06557,TRUE,TRUE,FALSE,338.027632,0.244286584,55.63756039,0.04020828,369.3333333,453.3333333,624.040743,Union St,UnSt,Un,Un2,113.5709173,0.352732602,354.7466535,378.8858894,261.8373001,48.338224,0.624354019,0.31217701,pars_lcbp_stream_2xC_100d,0.625628063,0.31217701,NA,stream_2xC_100d,2.862113127,stream,2
OCD,4,OCD.4,47.70833333,0.119,0.233108108,0.25872691,0.001,0.622696754,9.00E-04,369.4242291,153.5606539,1387.694268,444.6400265,540.7189189,0.001258202,0.001557041,0.001407622,0.001214193,15.99,75.26,8.75,0.0875,0.8401,5.001352209,0.092330546,0.176546443,243.0740741,23.40005821,219.6740159,0.224107975,0.078156381,0.145951594,2,100,77.82101905,5.8,-3.6,0.52407905,0.022963917,0.060130667,TRUE,TRUE,FALSE,405.506307,0.183777432,96.56614676,0.043764248,809.3333333,488,802.6340366,Union St,UnSt,Un,Un4,73.60002148,0.219175789,385.9007991,406.0103589,246.006454,32.70074521,0.418347608,0.209173804,pars_lcbp_stream_2xC_100d,0.417105984,0.209173804,NA,stream_2xC_100d,1.432656625,stream,2
OCSP,0,OCSP.0,24.5,0.112,0.544117647,0.277354264,0.001,1.419211325,9.38E-04,302.2356116,73.01311349,1064.508723,164.5863743,1421.035176,0.001486656,0.002742946,0.002114801,0.001618305,1.455,87.295,11.25,0.1125,0.98545,3.446903927,0.166431828,0.299142644,544.8518519,78.88075708,465.9710948,1.681420674,1.031133929,0.650286745,2,100,75.09847021,1.1,-2.3,0,0.11172225,0.22923775,TRUE,TRUE,FALSE,331.5199636,0.474308185,61.11634656,0.087439631,446.6666667,438.6666667,712.3534304,Swamp Rd,SwRd,Sw,Sw0,77.21410174,0.337551847,381.1322253,449.7457297,453.2137385,33.00877685,0.731177078,0.365588539,pars_lcbp_stream_2xC_100d,2.065794393,0.365588539,NA,stream_2xC_100d,32.2836476,stream,2
OCSP,2,OCSP.2,24.5,0.112,0.544117647,0.277354264,0.001,1.419211325,9.38E-04,222.6413311,87.60674812,845.857586,435.4389314,1675.106061,0.001224977,0.003371581,0.002298279,0.001495516,2.965,82.035,15,0.15,0.97035,4.136546835,0.18547916,0.203979121,584.8148148,149.5114798,435.303335,1.37967072,0.763014012,0.616656708,2,100,75.18614762,1.1,-2.3,0.08767741,0.157933333,0.408546,TRUE,TRUE,FALSE,234.8744671,0.324222942,65.31431301,0.090160497,194.6666667,294.6666667,606.0630899,Swamp Rd,SwRd,Sw,Sw2,68.52691046,0.271853658,305.6711184,377.1006719,450.4899482,44.58459211,0.579764586,0.289882293,pars_lcbp_stream_2xC_100d,2.072958588,0.289882293,NA,stream_2xC_100d,105.9811463,stream,2
OCSP,4,OCSP.4,24.5,0.112,0.544117647,0.277354264,0.001,1.419211325,9.38E-04,184.2188945,47.053772,505.2496394,277.9309908,1086.762397,0.001128456,0.004259469,0.002693963,0.001541173,24.085,68.415,7.5,0.075,0.75915,3.775993713,0.13297581,0.17311022,278.8148148,46.01266099,232.8021538,0.398397048,0.126733908,0.27166314,2,100,76.17881,1.1,-2.3,1.08033979,0.022903,0.145474909,TRUE,TRUE,FALSE,222.7451398,0.142453723,36.46432458,0.023320279,29.33333333,305.3333333,337.7733333,Swamp Rd,SwRd,Sw,Sw4,7.029002366,0.229684364,239.0533551,288.4548764,340.3118743,36.26090855,0.089684729,0.044842364,pars_lcbp_stream_2xC_100d,1.667897965,0.044842364,NA,stream_2xC_100d,22.73244561,stream,2
LC,0,LC.0,7,0.1435,0.657894737,0.404897959,0.001,0.898632399,0.002148532,150.7250817,93.7112975,1646.416928,353.2679194,1553.744318,9.96E-04,0.001658642,0.001327356,0.001047241,37.3,51.45,11.25,0.1125,0.627,3.363863592,0.121477974,0.239729493,313.1481481,52.94000455,260.2081436,0.960115663,0.2915142,0.668601463,2,10,83.52687857,0.71,-3.5,0,0.082485441,0.291137111,TRUE,TRUE,FALSE,183.5901976,0.28928446,88.87832993,0.140046255,60,309.3333333,227.9254426,Prindle Rd,PrRd,Pr,Pr0,41.89047859,0.160365082,226.4495866,293.5614044,431.4409537,24.99349025,1.408728483,0.704364242,pars_lcbp_stream_2xC_10d,1.258154278,0.704364242,NA,stream_2xC_10d,26.91919019,stream,2
LC,2,LC.2,7,0.1435,0.657894737,0.404897959,0.001,0.898632399,0.002148532,386.9032076,137.4791522,974.783356,374.4772829,755.1727749,0.001343714,0.001026814,0.001185264,0.00121508,16.73,52.02,31.25,0.3125,0.8327,4.14955365,0.085800625,0.188337597,461.6666667,35.86250912,425.8041575,0.367765561,0.095796323,0.271969238,2,10,83.91616429,0.71,-3.5,0.38928572,0.131826667,0.217345,TRUE,TRUE,FALSE,456.2152429,0.172538324,134.2054241,0.05075582,616,565.3333333,468.7305969,Prindle Rd,PrRd,Pr,Pr2,10.28418015,0.233317316,406.3011532,428.7093676,264.7641241,26.80984713,0.34203242,0.17101621,pars_lcbp_stream_2xC_10d,0.589994042,0.17101621,NA,stream_2xC_10d,0,stream,2
LC,4,LC.4,7,0.1435,0.657894737,0.404897959,0.001,0.898632399,0.002148532,281.625443,70.67210999,1223.052575,304.2292522,952.8972973,0.001335141,0.001157442,0.001246291,0.001282739,15.485,49.515,35,0.35,0.84515,3.858700772,0.069779359,0.152942887,446.037037,37.29926442,408.7377726,0.330085904,0.086596032,0.243489872,2,10,83.99556818,0.71,-3.5,0.46868961,0.191737778,0.265600111,TRUE,TRUE,FALSE,348.6223241,0.176736434,19.23333074,0.009750466,473.3333333,434.6666667,530.7807397,Prindle Rd,PrRd,Pr,Pr4,5.677048291,0.186444517,299.4493219,319.0332888,214.0257805,25.49468444,0.187347757,0.093673878,pars_lcbp_stream_2xC_10d,0.407912721,0.093673878,NA,stream_2xC_10d,0,stream,2
OCD,0,OCD.0,47.70833333,0.119,0.233108108,0.25872691,0.001,0.622696754,9.00E-04,354.0122067,108.4294913,1583.696284,619.9615315,1147.873853,0.00138204,0.001494126,0.001438083,0.001370888,6.45,78.55,15,0.15,0.9355,5.103527419,0.126295222,0.302884956,547.9259259,213.6969339,334.228992,1.252862509,0.700275821,0.552586688,2,10,77.29694,5.8,-3.6,0,0.026090917,0.054714833,TRUE,TRUE,FALSE,342.862534,0.358455798,75.67341571,0.079115015,636,450.6666667,904.8248561,Union St,UnSt,Un,Un0,591.1147426,0.266716108,383.8886366,416.300407,324.0689738,33.17004239,2.724405751,1.362202875,pars_lcbp_stream_2xC_10d,0.994490988,1.362202875,NA,stream_2xC_10d,180.2740347,stream,2
OCD,2,OCD.2,47.70833333,0.119,0.233108108,0.25872691,0.001,0.622696754,9.00E-04,333.2117674,122.4673759,2007.931757,1432.086419,1140.977366,0.002065388,0.002592825,0.002329107,0.002037138,6.255,83.745,10,0.1,0.93745,5.196789836,0.120631309,0.186592155,506,48.60192102,457.398079,0.7154125,0.316935833,0.398476667,2,10,77.66302273,5.8,-3.6,0.36608273,0.018806667,0.06557,TRUE,TRUE,FALSE,338.027632,0.244286584,55.63756039,0.04020828,369.3333333,453.3333333,624.040743,Union St,UnSt,Un,Un2,207.9352257,0.353488006,354.8521064,379.0431167,264.8951156,48.338224,1.07803157,0.539015785,pars_lcbp_stream_2xC_10d,0.689685794,0.539015785,NA,stream_2xC_10d,2.862113127,stream,2
OCD,4,OCD.4,47.70833333,0.119,0.233108108,0.25872691,0.001,0.622696754,9.00E-04,369.4242291,153.5606539,1387.694268,444.6400265,540.7189189,0.001258202,0.001557041,0.001407622,0.001214193,15.99,75.26,8.75,0.0875,0.8401,5.001352209,0.092330546,0.176546443,243.0740741,23.40005821,219.6740159,0.224107975,0.078156381,0.145951594,2,10,77.82101905,5.8,-3.6,0.52407905,0.022963917,0.060130667,TRUE,TRUE,FALSE,405.506307,0.183777432,96.56614676,0.043764248,809.3333333,488,802.6340366,Union St,UnSt,Un,Un4,98.98313207,0.219285659,385.9007991,406.0103589,246.8975008,32.70074521,0.598215117,0.299107558,pars_lcbp_stream_2xC_10d,0.435086753,0.299107558,NA,stream_2xC_10d,1.432656625,stream,2
OCSP,0,OCSP.0,24.5,0.112,0.544117647,0.277354264,0.001,1.419211325,9.38E-04,302.2356116,73.01311349,1064.508723,164.5863743,1421.035176,0.001486656,0.002742946,0.002114801,0.001618305,1.455,87.295,11.25,0.1125,0.98545,3.446903927,0.166431828,0.299142644,544.8518519,78.88075708,465.9710948,1.681420674,1.031133929,0.650286745,2,10,75.09847021,1.1,-2.3,0,0.11172225,0.22923775,TRUE,TRUE,FALSE,331.5199636,0.474308185,61.11634656,0.087439631,446.6666667,438.6666667,712.3534304,Swamp Rd,SwRd,Sw,Sw0,171.9609355,0.337793262,381.1322253,449.7457297,464.895844,33.00877685,1.556595994,0.778297997,pars_lcbp_stream_2xC_10d,2.226647178,0.778297997,NA,stream_2xC_10d,32.2836476,stream,2
OCSP,2,OCSP.2,24.5,0.112,0.544117647,0.277354264,0.001,1.419211325,9.38E-04,222.6413311,87.60674812,845.857586,435.4389314,1675.106061,0.001224977,0.003371581,0.002298279,0.001495516,2.965,82.035,15,0.15,0.97035,4.136546835,0.18547916,0.203979121,584.8148148,149.5114798,435.303335,1.37967072,0.763014012,0.616656708,2,10,75.18614762,1.1,-2.3,0.08767741,0.157933333,0.408546,TRUE,TRUE,FALSE,234.8744671,0.324222942,65.31431301,0.090160497,194.6666667,294.6666667,606.0630899,Swamp Rd,SwRd,Sw,Sw2,143.7317052,0.272010305,305.6711184,377.1006719,457.7488754,44.58459211,1.222980612,0.611490306,pars_lcbp_stream_2xC_10d,2.178358029,0.611490306,NA,stream_2xC_10d,105.9811463,stream,2
OCSP,4,OCSP.4,24.5,0.112,0.544117647,0.277354264,0.001,1.419211325,9.38E-04,184.2188945,47.053772,505.2496394,277.9309908,1086.762397,0.001128456,0.004259469,0.002693963,0.001541173,24.085,68.415,7.5,0.075,0.75915,3.775993713,0.13297581,0.17311022,278.8148148,46.01266099,232.8021538,0.398397048,0.126733908,0.27166314,2,10,76.17881,1.1,-2.3,1.08033979,0.022903,0.145474909,TRUE,TRUE,FALSE,222.7451398,0.142453723,36.46432458,0.023320279,29.33333333,305.3333333,337.7733333,Swamp Rd,SwRd,Sw,Sw4,8.434670613,0.229692383,239.0533551,288.4548764,340.4768785,36.26090855,0.099977259,0.049988629,pars_lcbp_stream_2xC_10d,1.66968328,0.049988629,NA,stream_2xC_10d,22.73244561,stream,2
LC,0,LC.0,1.75,0.035875,0.657894737,0.404897959,0.001,0.898632399,0.002148532,150.7250817,93.7112975,1646.416928,353.2679194,1553.744318,9.96E-04,0.001658642,0.001327356,0.001047241,37.3,51.45,11.25,0.1125,0.627,3.363863592,0.121477974,0.239729493,313.1481481,52.94000455,260.2081436,0.960115663,0.2915142,0.668601463,2,10,83.52687857,0.71,-3.5,0,0.082485441,0.291137111,TRUE,TRUE,FALSE,183.5901976,0.28928446,88.87832993,0.140046255,60,309.3333333,227.9254426,Prindle Rd,PrRd,Pr,Pr0,10.47267794,0.158367536,224.4086673,289.1367392,407.4179877,24.99349025,0.170345187,0.085172594,pars_lcbp_stream_0p5xC_10d,1.151139193,0.085172594,NA,stream_0p5xC_10d,26.91919019,stream,0.5
LC,2,LC.2,1.75,0.035875,0.657894737,0.404897959,0.001,0.898632399,0.002148532,386.9032076,137.4791522,974.783356,374.4772829,755.1727749,0.001343714,0.001026814,0.001185264,0.00121508,16.73,52.02,31.25,0.3125,0.8327,4.14955365,0.085800625,0.188337597,461.6666667,35.86250912,425.8041575,0.367765561,0.095796323,0.271969238,2,10,83.91616429,0.71,-3.5,0.38928572,0.131826667,0.217345,TRUE,TRUE,FALSE,456.2152429,0.172538324,134.2054241,0.05075582,616,565.3333333,468.7305969,Prindle Rd,PrRd,Pr,Pr2,2.571132087,0.231838833,405.6005206,427.7666,259.1989378,26.80984713,0.065605217,0.032802609,pars_lcbp_stream_0p5xC_10d,0.559063107,0.032802609,NA,stream_0p5xC_10d,0,stream,0.5
LC,4,LC.4,1.75,0.035875,0.657894737,0.404897959,0.001,0.898632399,0.002148532,281.625443,70.67210999,1223.052575,304.2292522,952.8972973,0.001335141,0.001157442,0.001246291,0.001282739,15.485,49.515,35,0.35,0.84515,3.858700772,0.069779359,0.152942887,446.037037,37.29926442,408.7377726,0.330085904,0.086596032,0.243489872,2,10,83.99556818,0.71,-3.5,0.46868961,0.191737778,0.265600111,TRUE,TRUE,FALSE,348.6223241,0.176736434,19.23333074,0.009750466,473.3333333,434.6666667,530.7807397,Prindle Rd,PrRd,Pr,Pr4,1.419288257,0.185592253,299.0358281,318.4838142,210.9996861,25.49468444,0.037562982,0.018781491,pars_lcbp_stream_0p5xC_10d,0.391225473,0.018781491,NA,stream_0p5xC_10d,0,stream,0.5
OCD,0,OCD.0,11.92708333,0.02975,0.233108108,0.25872691,0.001,0.622696754,9.00E-04,354.0122067,108.4294913,1583.696284,619.9615315,1147.873853,0.00138204,0.001494126,0.001438083,0.001370888,6.45,78.55,15,0.15,0.9355,5.103527419,0.126295222,0.302884956,547.9259259,213.6969339,334.228992,1.252862509,0.700275821,0.552586688,2,10,77.29694,5.8,-3.6,0,0.026090917,0.054714833,TRUE,TRUE,FALSE,342.862534,0.358455798,75.67341571,0.079115015,636,450.6666667,904.8248561,Union St,UnSt,Un,Un0,147.7785507,0.264185958,383.2347582,414.508331,306.1120223,33.17004239,0.605476711,0.302738356,pars_lcbp_stream_0p5xC_10d,0.774451632,0.302738356,NA,stream_0p5xC_10d,180.2740347,stream,0.5
OCD,2,OCD.2,11.92708333,0.02975,0.233108108,0.25872691,0.001,0.622696754,9.00E-04,333.2117674,122.4673759,2007.931757,1432.086419,1140.977366,0.002065388,0.002592825,0.002329107,0.002037138,6.255,83.745,10,0.1,0.93745,5.196789836,0.120631309,0.186592155,506,48.60192102,457.398079,0.7154125,0.316935833,0.398476667,2,10,77.66302273,5.8,-3.6,0.36608273,0.018806667,0.06557,TRUE,TRUE,FALSE,338.027632,0.244286584,55.63756039,0.04020828,369.3333333,453.3333333,624.040743,Union St,UnSt,Un,Un2,51.98397608,0.351904884,354.6771536,378.8148448,259.4331603,48.338224,0.242165053,0.121082526,pars_lcbp_stream_0p5xC_10d,0.569371151,0.121082526,NA,stream_0p5xC_10d,2.862113127,stream,0.5
OCD,4,OCD.4,11.92708333,0.02975,0.233108108,0.25872691,0.001,0.622696754,9.00E-04,369.4242291,153.5606539,1387.694268,444.6400265,540.7189189,0.001258202,0.001557041,0.001407622,0.001214193,15.99,75.26,8.75,0.0875,0.8401,5.001352209,0.092330546,0.176546443,243.0740741,23.40005821,219.6740159,0.224107975,0.078156381,0.145951594,2,10,77.82101905,5.8,-3.6,0.52407905,0.022963917,0.060130667,TRUE,TRUE,FALSE,405.506307,0.183777432,96.56614676,0.043764248,809.3333333,488,802.6340366,Union St,UnSt,Un,Un4,24.74577655,0.21876302,385.9007991,406.0103589,243.8728593,32.70074521,0.142194662,0.071097331,pars_lcbp_stream_0p5xC_10d,0.388361123,0.071097331,NA,stream_0p5xC_10d,1.432656625,stream,0.5
OCSP,0,OCSP.0,6.125,0.028,0.544117647,0.277354264,0.001,1.419211325,9.38E-04,302.2356116,73.01311349,1064.508723,164.5863743,1421.035176,0.001486656,0.002742946,0.002114801,0.001618305,1.455,87.295,11.25,0.1125,0.98545,3.446903927,0.166431828,0.299142644,544.8518519,78.88075708,465.9710948,1.681420674,1.031133929,0.650286745,2,10,75.09847021,1.1,-2.3,0,0.11172225,0.22923775,TRUE,TRUE,FALSE,331.5199636,0.474308185,61.11634656,0.087439631,446.6666667,438.6666667,712.3534304,Swamp Rd,SwRd,Sw,Sw0,42.9903354,0.337332023,381.1322253,449.7457297,445.779394,33.00877685,0.18096735,0.090483675,pars_lcbp_stream_0p5xC_10d,1.969533414,0.090483675,NA,stream_0p5xC_10d,32.2836476,stream,0.5
OCSP,2,OCSP.2,6.125,0.028,0.544117647,0.277354264,0.001,1.419211325,9.38E-04,222.6413311,87.60674812,845.857586,435.4389314,1675.106061,0.001224977,0.003371581,0.002298279,0.001495516,2.965,82.035,15,0.15,0.97035,4.136546835,0.18547916,0.203979121,584.8148148,149.5114798,435.303335,1.37967072,0.763014012,0.616656708,2,10,75.18614762,1.1,-2.3,0.08767741,0.157933333,0.408546,TRUE,TRUE,FALSE,234.8744671,0.324222942,65.31431301,0.090160497,194.6666667,294.6666667,606.0630899,Swamp Rd,SwRd,Sw,Sw2,35.93311563,0.271715312,305.6711184,377.1006719,446.4973515,44.58459211,0.112512871,0.056256436,pars_lcbp_stream_0p5xC_10d,2.005994965,0.056256436,NA,stream_0p5xC_10d,105.9811463,stream,0.5
OCSP,4,OCSP.4,6.125,0.028,0.544117647,0.277354264,0.001,1.419211325,9.38E-04,184.2188945,47.053772,505.2496394,277.9309908,1086.762397,0.001128456,0.004259469,0.002693963,0.001541173,24.085,68.415,7.5,0.075,0.75915,3.775993713,0.13297581,0.17311022,278.8148148,46.01266099,232.8021538,0.398397048,0.126733908,0.27166314,2,10,76.17881,1.1,-2.3,1.08033979,0.022903,0.145474909,TRUE,TRUE,FALSE,222.7451398,0.142453723,36.46432458,0.023320279,29.33333333,305.3333333,337.7733333,Swamp Rd,SwRd,Sw,Sw4,2.10866963,0.2296301,239.0533551,288.4548764,339.5153783,36.26090855,0.023306247,0.011653123,pars_lcbp_stream_0p5xC_10d,1.658535383,0.011653123,NA,stream_0p5xC_10d,22.73244561,stream,0.5
LC,0,LC.0,1.75,0.035875,0.657894737,0.404897959,0.001,0.898632399,0.002148532,150.7250817,93.7112975,1646.416928,353.2679194,1553.744318,9.96E-04,0.001658642,0.001327356,0.001047241,37.3,51.45,11.25,0.1125,0.627,3.363863592,0.121477974,0.239729493,313.1481481,52.94000455,260.2081436,0.960115663,0.2915142,0.668601463,2,100,83.52687857,0.71,-3.5,0,0.082485441,0.291137111,TRUE,TRUE,FALSE,183.5901976,0.28928446,88.87832993,0.140046255,60,309.3333333,227.9254426,Prindle Rd,PrRd,Pr,Pr0,2.445761417,0.15855512,224.5232201,289.7583316,404.7273602,24.99349025,-0.018302264,-0.009151132,pars_lcbp_stream_0p5xC_100d,1.136681223,-0.009151132,NA,stream_0p5xC_100d,26.91919019,stream,0.5
LC,2,LC.2,1.75,0.035875,0.657894737,0.404897959,0.001,0.898632399,0.002148532,386.9032076,137.4791522,974.783356,374.4772829,755.1727749,0.001343714,0.001026814,0.001185264,0.00121508,16.73,52.02,31.25,0.3125,0.8327,4.14955365,0.085800625,0.188337597,461.6666667,35.86250912,425.8041575,0.367765561,0.095796323,0.271969238,2,100,83.91616429,0.71,-3.5,0.38928572,0.131826667,0.217345,TRUE,TRUE,FALSE,456.2152429,0.172538324,134.2054241,0.05075582,616,565.3333333,468.7305969,Prindle Rd,PrRd,Pr,Pr2,1.306235206,0.231789817,405.6138412,427.7589629,258.7716115,26.80984713,0.03216372,0.01608186,pars_lcbp_stream_0p5xC_100d,0.556173828,0.01608186,NA,stream_0p5xC_100d,0,stream,0.5
LC,4,LC.4,1.75,0.035875,0.657894737,0.404897959,0.001,0.898632399,0.002148532,281.625443,70.67210999,1223.052575,304.2292522,952.8972973,0.001335141,0.001157442,0.001246291,0.001282739,15.485,49.515,35,0.35,0.84515,3.858700772,0.069779359,0.152942887,446.037037,37.29926442,408.7377726,0.330085904,0.086596032,0.243489872,2,100,83.99556818,0.71,-3.5,0.46868961,0.191737778,0.265600111,TRUE,TRUE,FALSE,348.6223241,0.176736434,19.23333074,0.009750466,473.3333333,434.6666667,530.7807397,Prindle Rd,PrRd,Pr,Pr4,0.911934295,0.18554459,299.0367549,318.4777008,210.8245506,25.49468444,0.02371636,0.01185818,pars_lcbp_stream_0p5xC_100d,0.389969627,0.01185818,NA,stream_0p5xC_100d,0,stream,0.5
OCD,0,OCD.0,11.92708333,0.02975,0.233108108,0.25872691,0.001,0.622696754,9.00E-04,354.0122067,108.4294913,1583.696284,619.9615315,1147.873853,0.00138204,0.001494126,0.001438083,0.001370888,6.45,78.55,15,0.15,0.9355,5.103527419,0.126295222,0.302884956,547.9259259,213.6969339,334.228992,1.252862509,0.700275821,0.552586688,2,100,77.29694,5.8,-3.6,0,0.026090917,0.054714833,TRUE,TRUE,FALSE,342.862534,0.358455798,75.67341571,0.079115015,636,450.6666667,904.8248561,Union St,UnSt,Un,Un0,43.41208072,0.26397938,383.2150004,414.5891555,302.8622163,33.17004239,0.185747503,0.092873752,pars_lcbp_stream_0p5xC_100d,0.732235314,0.092873752,NA,stream_0p5xC_100d,180.2740347,stream,0.5
OCD,2,OCD.2,11.92708333,0.02975,0.233108108,0.25872691,0.001,0.622696754,9.00E-04,333.2117674,122.4673759,2007.931757,1432.086419,1140.977366,0.002065388,0.002592825,0.002329107,0.002037138,6.255,83.745,10,0.1,0.93745,5.196789836,0.120631309,0.186592155,506,48.60192102,457.398079,0.7154125,0.316935833,0.398476667,2,100,77.66302273,5.8,-3.6,0.36608273,0.018806667,0.06557,TRUE,TRUE,FALSE,338.027632,0.244286584,55.63756039,0.04020828,369.3333333,453.3333333,624.040743,Union St,UnSt,Un,Un2,28.39273006,0.351815377,354.6765236,378.8007463,258.750934,48.338224,0.132728577,0.066364288,pars_lcbp_stream_0p5xC_100d,0.554149414,0.066364288,NA,stream_0p5xC_100d,2.862113127,stream,0.5
OCD,4,OCD.4,11.92708333,0.02975,0.233108108,0.25872691,0.001,0.622696754,9.00E-04,369.4242291,153.5606539,1387.694268,444.6400265,540.7189189,0.001258202,0.001557041,0.001407622,0.001214193,15.99,75.26,8.75,0.0875,0.8401,5.001352209,0.092330546,0.176546443,243.0740741,23.40005821,219.6740159,0.224107975,0.078156381,0.145951594,2,100,77.82101905,5.8,-3.6,0.52407905,0.022963917,0.060130667,TRUE,TRUE,FALSE,405.506307,0.183777432,96.56614676,0.043764248,809.3333333,488,802.6340366,Union St,UnSt,Un,Un4,18.39998405,0.218742013,385.9007991,406.0103589,243.6633638,32.70074521,0.097862931,0.048931466,pars_lcbp_stream_0p5xC_100d,0.383988105,0.048931466,NA,stream_0p5xC_100d,1.432656625,stream,0.5
OCSP,0,OCSP.0,6.125,0.028,0.544117647,0.277354264,0.001,1.419211325,9.38E-04,302.2356116,73.01311349,1064.508723,164.5863743,1421.035176,0.001486656,0.002742946,0.002114801,0.001618305,1.455,87.295,11.25,0.1125,0.98545,3.446903927,0.166431828,0.299142644,544.8518519,78.88075708,465.9710948,1.681420674,1.031133929,0.650286745,2,100,75.09847021,1.1,-2.3,0,0.11172225,0.22923775,TRUE,TRUE,FALSE,331.5199636,0.474308185,61.11634656,0.087439631,446.6666667,438.6666667,712.3534304,Swamp Rd,SwRd,Sw,Sw0,19.30355303,0.337303814,381.1322253,449.7457297,443.8253393,33.00877685,0.010169567,0.005084784,pars_lcbp_stream_0p5xC_100d,1.932986882,0.005084784,NA,stream_0p5xC_100d,32.2836476,stream,0.5
OCSP,2,OCSP.2,6.125,0.028,0.544117647,0.277354264,0.001,1.419211325,9.38E-04,222.6413311,87.60674812,845.857586,435.4389314,1675.106061,0.001224977,0.003371581,0.002298279,0.001495516,2.965,82.035,15,0.15,0.97035,4.136546835,0.18547916,0.203979121,584.8148148,149.5114798,435.303335,1.37967072,0.763014012,0.616656708,2,100,75.18614762,1.1,-2.3,0.08767741,0.157933333,0.408546,TRUE,TRUE,FALSE,234.8744671,0.324222942,65.31431301,0.090160497,194.6666667,294.6666667,606.0630899,Swamp Rd,SwRd,Sw,Sw2,17.13172693,0.271692347,305.6711184,377.1006719,444.902703,44.58459211,-0.025456025,-0.012728012,pars_lcbp_stream_0p5xC_100d,1.98074778,-0.012728012,NA,stream_0p5xC_100d,105.9811463,stream,0.5
OCSP,4,OCSP.4,6.125,0.028,0.544117647,0.277354264,0.001,1.419211325,9.38E-04,184.2188945,47.053772,505.2496394,277.9309908,1086.762397,0.001128456,0.004259469,0.002693963,0.001541173,24.085,68.415,7.5,0.075,0.75915,3.775993713,0.13297581,0.17311022,278.8148148,46.01266099,232.8021538,0.398397048,0.126733908,0.27166314,2,100,76.17881,1.1,-2.3,1.08033979,0.022903,0.145474909,TRUE,TRUE,FALSE,222.7451398,0.142453723,36.46432458,0.023320279,29.33333333,305.3333333,337.7733333,Swamp Rd,SwRd,Sw,Sw4,1.757258326,0.22963418,239.0533551,288.4548764,339.477381,36.26090855,0.021123765,0.010561882,pars_lcbp_stream_0p5xC_100d,1.65812722,0.010561882,NA,stream_0p5xC_100d,22.73244561,stream,0.5
LC,0,LC.0,3.5,0.07175,0.657894737,0.404897959,0.001,0.898632399,0.002148532,150.7250817,93.7112975,1646.416928,353.2679194,1553.744318,9.96E-04,0.001658642,0.001327356,0.001047241,37.3,51.45,11.25,0.1125,0.627,3.363863592,0.121477974,0.239729493,313.1481481,52.94000455,260.2081436,0.960115663,0.2915142,0.668601463,2,100,83.52687857,0.71,-3.5,0,0.082485441,0.291137111,TRUE,TRUE,TRUE,183.5901976,0.28928446,88.87832993,0.140046255,60,309.3333333,227.9254426,Prindle Rd,PrRd,Pr,Pr0,3.107666418,0.158795889,224.6367808,290.2448882,406.8093916,24.99349025,0.084344982,0.042172491,pars_lcbp_stream_power,1.146282506,0.042172491,NA,stream_power,26.91919019,stream,NA
LC,2,LC.2,3.5,0.07175,0.657894737,0.404897959,0.001,0.898632399,0.002148532,386.9032076,137.4791522,974.783356,374.4772829,755.1727749,0.001343714,0.001026814,0.001185264,0.00121508,16.73,52.02,31.25,0.3125,0.8327,4.14955365,0.085800625,0.188337597,461.6666667,35.86250912,425.8041575,0.367765561,0.095796323,0.271969238,2,100,83.91616429,0.71,-3.5,0.38928572,0.131826667,0.217345,TRUE,TRUE,TRUE,456.2152429,0.172538324,134.2054241,0.05075582,616,565.3333333,468.7305969,Prindle Rd,PrRd,Pr,Pr2,3.836459409,0.232232558,405.8021791,428.0230428,260.4771166,26.80984713,0.120743728,0.060371864,pars_lcbp_stream_power,0.565838096,0.060371864,NA,stream_power,0,stream,NA
LC,4,LC.4,3.5,0.07175,0.657894737,0.404897959,0.001,0.898632399,0.002148532,281.625443,70.67210999,1223.052575,304.2292522,952.8972973,0.001335141,0.001157442,0.001246291,0.001282739,15.485,49.515,35,0.35,0.84515,3.858700772,0.069779359,0.152942887,446.037037,37.29926442,408.7377726,0.330085904,0.086596032,0.243489872,2,100,83.99556818,0.71,-3.5,0.46868961,0.191737778,0.265600111,TRUE,TRUE,TRUE,348.6223241,0.176736434,19.23333074,0.009750466,473.3333333,434.6666667,530.7807397,Prindle Rd,PrRd,Pr,Pr4,2.860895566,0.185875196,299.174098,318.6663579,212.010235,25.49468444,0.088017316,0.044008658,pars_lcbp_stream_power,0.396826418,0.044008658,NA,stream_power,0,stream,NA
OCD,0,OCD.0,23.85416667,0.0595,0.233108108,0.25872691,0.001,0.622696754,9.00E-04,354.0122067,108.4294913,1583.696284,619.9615315,1147.873853,0.00138204,0.001494126,0.001438083,0.001370888,6.45,78.55,15,0.15,0.9355,5.103527419,0.126295222,0.302884956,547.9259259,213.6969339,334.228992,1.252862509,0.700275821,0.552586688,2,100,77.29694,5.8,-3.6,0,0.026090917,0.054714833,TRUE,TRUE,TRUE,342.862534,0.358455798,75.67341571,0.079115015,636,450.6666667,904.8248561,Union St,UnSt,Un,Un0,63.6312958,0.264253817,383.2359946,414.7616159,304.176839,33.17004239,0.350153498,0.175076749,pars_lcbp_stream_power,0.75004546,0.175076749,NA,stream_power,180.2740347,stream,NA
OCD,2,OCD.2,23.85416667,0.0595,0.233108108,0.25872691,0.001,0.622696754,9.00E-04,333.2117674,122.4673759,2007.931757,1432.086419,1140.977366,0.002065388,0.002592825,0.002329107,0.002037138,6.255,83.745,10,0.1,0.93745,5.196789836,0.120631309,0.186592155,506,48.60192102,457.398079,0.7154125,0.316935833,0.398476667,2,100,77.66302273,5.8,-3.6,0.36608273,0.018806667,0.06557,TRUE,TRUE,TRUE,338.027632,0.244286584,55.63756039,0.04020828,369.3333333,453.3333333,624.040743,Union St,UnSt,Un,Un2,54.05704697,0.352097308,354.6975018,378.8249761,259.7011541,48.338224,0.283624007,0.141812003,pars_lcbp_stream_power,0.576133671,0.141812003,NA,stream_power,2.862113127,stream,NA
OCD,4,OCD.4,23.85416667,0.0595,0.233108108,0.25872691,0.001,0.622696754,9.00E-04,369.4242291,153.5606539,1387.694268,444.6400265,540.7189189,0.001258202,0.001557041,0.001407622,0.001214193,15.99,75.26,8.75,0.0875,0.8401,5.001352209,0.092330546,0.176546443,243.0740741,23.40005821,219.6740159,0.224107975,0.078156381,0.145951594,2,100,77.82101905,5.8,-3.6,0.52407905,0.022963917,0.060130667,TRUE,TRUE,TRUE,405.506307,0.183777432,96.56614676,0.043764248,809.3333333,488,802.6340366,Union St,UnSt,Un,Un4,37.82440831,0.218897233,385.9007991,406.0103589,244.4863607,32.70074521,0.211880943,0.105940472,pars_lcbp_stream_power,0.395822979,0.105940472,NA,stream_power,1.432656625,stream,NA
OCSP,0,OCSP.0,12.25,0.056,0.544117647,0.277354264,0.001,1.419211325,9.38E-04,302.2356116,73.01311349,1064.508723,164.5863743,1421.035176,0.001486656,0.002742946,0.002114801,0.001618305,1.455,87.295,11.25,0.1125,0.98545,3.446903927,0.166431828,0.299142644,544.8518519,78.88075708,465.9710948,1.681420674,1.031133929,0.650286745,2,100,75.09847021,1.1,-2.3,0,0.11172225,0.22923775,TRUE,TRUE,TRUE,331.5199636,0.474308185,61.11634656,0.087439631,446.6666667,438.6666667,712.3534304,Swamp Rd,SwRd,Sw,Sw0,33.34450327,0.337380013,381.1322253,449.7457297,446.4478735,33.00877685,0.209781028,0.104890514,pars_lcbp_stream_power,1.969136551,0.104890514,NA,stream_power,32.2836476,stream,NA
OCSP,2,OCSP.2,12.25,0.056,0.544117647,0.277354264,0.001,1.419211325,9.38E-04,222.6413311,87.60674812,845.857586,435.4389314,1675.106061,0.001224977,0.003371581,0.002298279,0.001495516,2.965,82.035,15,0.15,0.97035,4.136546835,0.18547916,0.203979121,584.8148148,149.5114798,435.303335,1.37967072,0.763014012,0.616656708,2,100,75.18614762,1.1,-2.3,0.08767741,0.157933333,0.408546,TRUE,TRUE,TRUE,234.8744671,0.324222942,65.31431301,0.090160497,194.6666667,294.6666667,606.0630899,Swamp Rd,SwRd,Sw,Sw2,31.62934625,0.271744113,305.6711184,377.1006719,446.5347351,44.58459211,0.155883219,0.077941609,pars_lcbp_stream_power,2.007945247,0.077941609,NA,stream_power,105.9811463,stream,NA
OCSP,4,OCSP.4,12.25,0.056,0.544117647,0.277354264,0.001,1.419211325,9.38E-04,184.2188945,47.053772,505.2496394,277.9309908,1086.762397,0.001128456,0.004259469,0.002693963,0.001541173,24.085,68.415,7.5,0.075,0.75915,3.775993713,0.13297581,0.17311022,278.8148148,46.01266099,232.8021538,0.398397048,0.126733908,0.27166314,2,100,76.17881,1.1,-2.3,1.08033979,0.022903,0.145474909,TRUE,TRUE,TRUE,222.7451398,0.142453723,36.46432458,0.023320279,29.33333333,305.3333333,337.7733333,Swamp Rd,SwRd,Sw,Sw4,11.98211196,0.229693379,239.0533551,288.4548764,340.7232781,36.26090855,0.103135523,0.051567761,pars_lcbp_stream_power,1.672084039,0.051567761,NA,stream_power,22.73244561,stream,NA
LC,0,LC.0,1.75,0.035875,0.657894737,0.404897959,0.001,0.898632399,0.002148532,150.7250817,93.7112975,1646.416928,353.2679194,1553.744318,9.96E-04,0.001658642,0.001327356,0.001047241,37.3,51.45,11.25,0.1125,0.627,3.363863592,0.121477974,0.239729493,313.1481481,52.94000455,260.2081436,0.960115663,0.2915142,0.668601463,2,100,83.52687857,0.71,-3.5,0,0.082485441,0.291137111,TRUE,TRUE,TRUE,183.5901976,0.28928446,88.87832993,0.140046255,60,309.3333333,227.9254426,Prindle Rd,PrRd,Pr,Pr0,1.553893538,0.158648582,224.5441132,289.9773435,404.9508353,24.99349025,-0.026908292,-0.013454146,pars_lcbp_stream_0p5xC_power,1.136558205,-0.013454146,NA,stream_0p5xC_power,26.91919019,stream,0.5
LC,2,LC.2,1.75,0.035875,0.657894737,0.404897959,0.001,0.898632399,0.002148532,386.9032076,137.4791522,974.783356,374.4772829,755.1727749,0.001343714,0.001026814,0.001185264,0.00121508,16.73,52.02,31.25,0.3125,0.8327,4.14955365,0.085800625,0.188337597,461.6666667,35.86250912,425.8041575,0.367765561,0.095796323,0.271969238,2,100,83.91616429,0.71,-3.5,0.38928572,0.131826667,0.217345,TRUE,TRUE,TRUE,456.2152429,0.172538324,134.2054241,0.05075582,616,565.3333333,468.7305969,Prindle Rd,PrRd,Pr,Pr2,1.918258339,0.231820119,405.6091124,427.7666013,258.9537325,26.80984713,0.048151538,0.024075769,pars_lcbp_stream_0p5xC_power,0.557579883,0.024075769,NA,stream_0p5xC_power,0,stream,0.5
LC,4,LC.4,1.75,0.035875,0.657894737,0.404897959,0.001,0.898632399,0.002148532,281.625443,70.67210999,1223.052575,304.2292522,952.8972973,0.001335141,0.001157442,0.001246291,0.001282739,15.485,49.515,35,0.35,0.84515,3.858700772,0.069779359,0.152942887,446.037037,37.29926442,408.7377726,0.330085904,0.086596032,0.243489872,2,100,83.99556818,0.71,-3.5,0.46868961,0.191737778,0.265600111,TRUE,TRUE,TRUE,348.6223241,0.176736434,19.23333074,0.009750466,473.3333333,434.6666667,530.7807397,Prindle Rd,PrRd,Pr,Pr4,1.43046488,0.185580991,299.0364269,318.485914,210.9994221,25.49468444,0.037870998,0.018935499,pars_lcbp_stream_0p5xC_power,0.39123059,0.018935499,NA,stream_0p5xC_power,0,stream,0.5
OCD,0,OCD.0,11.92708333,0.02975,0.233108108,0.25872691,0.001,0.622696754,9.00E-04,354.0122067,108.4294913,1583.696284,619.9615315,1147.873853,0.00138204,0.001494126,0.001438083,0.001370888,6.45,78.55,15,0.15,0.9355,5.103527419,0.126295222,0.302884956,547.9259259,213.6969339,334.228992,1.252862509,0.700275821,0.552586688,2,100,77.29694,5.8,-3.6,0,0.026090917,0.054714833,TRUE,TRUE,TRUE,342.862534,0.358455798,75.67341571,0.079115015,636,450.6666667,904.8248561,Union St,UnSt,Un,Un0,31.81543539,0.263987697,383.2093727,414.629167,302.6175069,33.17004239,0.143137331,0.071568665,pars_lcbp_stream_0p5xC_power,0.728190138,0.071568665,NA,stream_0p5xC_power,180.2740347,stream,0.5
OCD,2,OCD.2,11.92708333,0.02975,0.233108108,0.25872691,0.001,0.622696754,9.00E-04,333.2117674,122.4673759,2007.931757,1432.086419,1140.977366,0.002065388,0.002592825,0.002329107,0.002037138,6.255,83.745,10,0.1,0.93745,5.196789836,0.120631309,0.186592155,506,48.60192102,457.398079,0.7154125,0.316935833,0.398476667,2,100,77.66302273,5.8,-3.6,0.36608273,0.018806667,0.06557,TRUE,TRUE,TRUE,338.027632,0.244286584,55.63756039,0.04020828,369.3333333,453.3333333,624.040743,Union St,UnSt,Un,Un2,27.02853085,0.351812266,354.6769125,378.8010089,258.7174734,48.338224,0.126506582,0.063253291,pars_lcbp_stream_0p5xC_power,0.553374283,0.063253291,NA,stream_0p5xC_power,2.862113127,stream,0.5
OCD,4,OCD.4,11.92708333,0.02975,0.233108108,0.25872691,0.001,0.622696754,9.00E-04,369.4242291,153.5606539,1387.694268,444.6400265,540.7189189,0.001258202,0.001557041,0.001407622,0.001214193,15.99,75.26,8.75,0.0875,0.8401,5.001352209,0.092330546,0.176546443,243.0740741,23.40005821,219.6740159,0.224107975,0.078156381,0.145951594,2,100,77.82101905,5.8,-3.6,0.52407905,0.022963917,0.060130667,TRUE,TRUE,TRUE,405.506307,0.183777432,96.56614676,0.043764248,809.3333333,488,802.6340366,Union St,UnSt,Un,Un4,18.91218345,0.218739495,385.9007991,406.0103589,243.6827409,32.70074521,0.101413213,0.050706606,pars_lcbp_stream_0p5xC_power,0.384372816,0.050706606,NA,stream_0p5xC_power,1.432656625,stream,0.5
OCSP,0,OCSP.0,6.125,0.028,0.544117647,0.277354264,0.001,1.419211325,9.38E-04,302.2356116,73.01311349,1064.508723,164.5863743,1421.035176,0.001486656,0.002742946,0.002114801,0.001618305,1.455,87.295,11.25,0.1125,0.98545,3.446903927,0.166431828,0.299142644,544.8518519,78.88075708,465.9710948,1.681420674,1.031133929,0.650286745,2,100,75.09847021,1.1,-2.3,0,0.11172225,0.22923775,TRUE,TRUE,TRUE,331.5199636,0.474308185,61.11634656,0.087439631,446.6666667,438.6666667,712.3534304,Swamp Rd,SwRd,Sw,Sw0,16.67228173,0.33730609,381.1322253,449.7457297,443.6923998,33.00877685,-0.00550619,-0.002753095,pars_lcbp_stream_0p5xC_power,1.929343521,-0.002753095,NA,stream_0p5xC_power,32.2836476,stream,0.5
OCSP,2,OCSP.2,6.125,0.028,0.544117647,0.277354264,0.001,1.419211325,9.38E-04,222.6413311,87.60674812,845.857586,435.4389314,1675.106061,0.001224977,0.003371581,0.002298279,0.001495516,2.965,82.035,15,0.15,0.97035,4.136546835,0.18547916,0.203979121,584.8148148,149.5114798,435.303335,1.37967072,0.763014012,0.616656708,2,100,75.18614762,1.1,-2.3,0.08767741,0.157933333,0.408546,TRUE,TRUE,TRUE,234.8744671,0.324222942,65.31431301,0.090160497,194.6666667,294.6666667,606.0630899,Swamp Rd,SwRd,Sw,Sw2,15.81468007,0.271697286,305.6711184,377.1006719,444.804936,44.58459211,-0.033672065,-0.016836032,pars_lcbp_stream_0p5xC_power,1.979093838,-0.016836032,NA,stream_0p5xC_power,105.9811463,stream,0.5
OCSP,4,OCSP.4,6.125,0.028,0.544117647,0.277354264,0.001,1.419211325,9.38E-04,184.2188945,47.053772,505.2496394,277.9309908,1086.762397,0.001128456,0.004259469,0.002693963,0.001541173,24.085,68.415,7.5,0.075,0.75915,3.775993713,0.13297581,0.17311022,278.8148148,46.01266099,232.8021538,0.398397048,0.126733908,0.27166314,2,100,76.17881,1.1,-2.3,1.08033979,0.022903,0.145474909,TRUE,TRUE,TRUE,222.7451398,0.142453723,36.46432458,0.023320279,29.33333333,305.3333333,337.7733333,Swamp Rd,SwRd,Sw,Sw4,5.991050984,0.229655481,239.0533551,288.4548764,339.9542811,36.26090855,0.049308584,0.024654292,pars_lcbp_stream_0p5xC_power,1.663176082,0.024654292,NA,stream_0p5xC_power,22.73244561,stream,0.5
LC,0,LC.0,7,0.1435,0.657894737,0.404897959,0.001,0.898632399,0.002148532,150.7250817,93.7112975,1646.416928,353.2679194,1553.744318,9.96E-04,0.001658642,0.001327356,0.001047241,37.3,51.45,11.25,0.1125,0.627,3.363863592,0.121477974,0.239729493,313.1481481,52.94000455,260.2081436,0.960115663,0.2915142,0.668601463,2,100,83.52687857,0.71,-3.5,0,0.082485441,0.291137111,TRUE,TRUE,TRUE,183.5901976,0.28928446,88.87832993,0.140046255,60,309.3333333,227.9254426,Prindle Rd,PrRd,Pr,Pr0,6.215285819,0.159099822,224.8208657,290.7853063,410.5105733,24.99349025,0.307836676,0.153918338,pars_lcbp_stream_2xC_power,1.165397622,0.153918338,NA,stream_2xC_power,26.91919019,stream,2
LC,2,LC.2,7,0.1435,0.657894737,0.404897959,0.001,0.898632399,0.002148532,386.9032076,137.4791522,974.783356,374.4772829,755.1727749,0.001343714,0.001026814,0.001185264,0.00121508,16.73,52.02,31.25,0.3125,0.8327,4.14955365,0.085800625,0.188337597,461.6666667,35.86250912,425.8041575,0.367765561,0.095796323,0.271969238,2,100,83.91616429,0.71,-3.5,0.38928572,0.131826667,0.217345,TRUE,TRUE,TRUE,456.2152429,0.172538324,134.2054241,0.05075582,616,565.3333333,468.7305969,Prindle Rd,PrRd,Pr,Pr2,7.672835563,0.233050976,406.1913795,428.5492227,263.5366264,26.80984713,0.26635765,0.133178825,pars_lcbp_stream_2xC_power,0.582575233,0.133178825,NA,stream_2xC_power,0,stream,2
LC,4,LC.4,7,0.1435,0.657894737,0.404897959,0.001,0.898632399,0.002148532,281.625443,70.67210999,1223.052575,304.2292522,952.8972973,0.001335141,0.001157442,0.001246291,0.001282739,15.485,49.515,35,0.35,0.84515,3.858700772,0.069779359,0.152942887,446.037037,37.29926442,408.7377726,0.330085904,0.086596032,0.243489872,2,100,83.99556818,0.71,-3.5,0.46868961,0.191737778,0.265600111,TRUE,TRUE,TRUE,348.6223241,0.176736434,19.23333074,0.009750466,473.3333333,434.6666667,530.7807397,Prindle Rd,PrRd,Pr,Pr4,5.721783264,0.186445179,299.4507268,319.0359353,214.0480552,25.49468444,0.188655615,0.094327808,pars_lcbp_stream_2xC_power,0.4080063,0.094327808,NA,stream_2xC_power,0,stream,2
OCD,0,OCD.0,47.70833333,0.119,0.233108108,0.25872691,0.001,0.622696754,9.00E-04,354.0122067,108.4294913,1583.696284,619.9615315,1147.873853,0.00138204,0.001494126,0.001438083,0.001370888,6.45,78.55,15,0.15,0.9355,5.103527419,0.126295222,0.302884956,547.9259259,213.6969339,334.228992,1.252862509,0.700275821,0.552586688,2,100,77.29694,5.8,-3.6,0,0.026090917,0.054714833,TRUE,TRUE,TRUE,342.862534,0.358455798,75.67341571,0.079115015,636,450.6666667,904.8248561,Union St,UnSt,Un,Un0,127.262705,0.264788431,383.2902954,415.0266775,307.2865833,33.17004239,0.764630615,0.382315308,pars_lcbp_stream_2xC_power,0.793743202,0.382315308,NA,stream_2xC_power,180.2740347,stream,2
OCD,2,OCD.2,47.70833333,0.119,0.233108108,0.25872691,0.001,0.622696754,9.00E-04,333.2117674,122.4673759,2007.931757,1432.086419,1140.977366,0.002065388,0.002592825,0.002329107,0.002037138,6.255,83.745,10,0.1,0.93745,5.196789836,0.120631309,0.186592155,506,48.60192102,457.398079,0.7154125,0.316935833,0.398476667,2,100,77.66302273,5.8,-3.6,0.36608273,0.018806667,0.06557,TRUE,TRUE,TRUE,338.027632,0.244286584,55.63756039,0.04020828,369.3333333,453.3333333,624.040743,Union St,UnSt,Un,Un2,108.1139036,0.352675538,354.7381063,378.8736806,261.6582706,48.338224,0.597996283,0.298998142,pars_lcbp_stream_2xC_power,0.621826,0.298998142,NA,stream_2xC_power,2.862113127,stream,2
OCD,4,OCD.4,47.70833333,0.119,0.233108108,0.25872691,0.001,0.622696754,9.00E-04,369.4242291,153.5606539,1387.694268,444.6400265,540.7189189,0.001258202,0.001557041,0.001407622,0.001214193,15.99,75.26,8.75,0.0875,0.8401,5.001352209,0.092330546,0.176546443,243.0740741,23.40005821,219.6740159,0.224107975,0.078156381,0.145951594,2,100,77.82101905,5.8,-3.6,0.52407905,0.022963917,0.060130667,TRUE,TRUE,TRUE,405.506307,0.183777432,96.56614676,0.043764248,809.3333333,488,802.6340366,Union St,UnSt,Un,Un4,75.64903756,0.219174917,385.9007991,406.0103589,246.089832,32.70074521,0.432881027,0.216440513,pars_lcbp_stream_2xC_power,0.418514138,0.216440513,NA,stream_2xC_power,1.432656625,stream,2
OCSP,0,OCSP.0,24.5,0.112,0.544117647,0.277354264,0.001,1.419211325,9.38E-04,302.2356116,73.01311349,1064.508723,164.5863743,1421.035176,0.001486656,0.002742946,0.002114801,0.001618305,1.455,87.295,11.25,0.1125,0.98545,3.446903927,0.166431828,0.299142644,544.8518519,78.88075708,465.9710948,1.681420674,1.031133929,0.650286745,2,100,75.09847021,1.1,-2.3,0,0.11172225,0.22923775,TRUE,TRUE,TRUE,331.5199636,0.474308185,61.11634656,0.087439631,446.6666667,438.6666667,712.3534304,Swamp Rd,SwRd,Sw,Sw0,66.68891843,0.337524499,381.1322253,449.7457297,451.9459285,33.00877685,0.641260222,0.320630111,pars_lcbp_stream_2xC_power,2.048139161,0.320630111,NA,stream_2xC_power,32.2836476,stream,2
OCSP,2,OCSP.2,24.5,0.112,0.544117647,0.277354264,0.001,1.419211325,9.38E-04,222.6413311,87.60674812,845.857586,435.4389314,1675.106061,0.001224977,0.003371581,0.002298279,0.001495516,2.965,82.035,15,0.15,0.97035,4.136546835,0.18547916,0.203979121,584.8148148,149.5114798,435.303335,1.37967072,0.763014012,0.616656708,2,100,75.18614762,1.1,-2.3,0.08767741,0.157933333,0.408546,TRUE,TRUE,TRUE,234.8744671,0.324222942,65.31431301,0.090160497,194.6666667,294.6666667,606.0630899,Swamp Rd,SwRd,Sw,Sw2,63.25874585,0.271833473,305.6711184,377.1006719,449.9877937,44.58459211,0.535621417,0.267810709,pars_lcbp_stream_2xC_power,2.065601746,0.267810709,NA,stream_2xC_power,105.9811463,stream,2
OCSP,4,OCSP.4,24.5,0.112,0.544117647,0.277354264,0.001,1.419211325,9.38E-04,184.2188945,47.053772,505.2496394,277.9309908,1086.762397,0.001128456,0.004259469,0.002693963,0.001541173,24.085,68.415,7.5,0.075,0.75915,3.775993713,0.13297581,0.17311022,278.8148148,46.01266099,232.8021538,0.398397048,0.126733908,0.27166314,2,100,76.17881,1.1,-2.3,1.08033979,0.022903,0.145474909,TRUE,TRUE,TRUE,222.7451398,0.142453723,36.46432458,0.023320279,29.33333333,305.3333333,337.7733333,Swamp Rd,SwRd,Sw,Sw4,23.96423514,0.229762103,239.0533551,288.4548764,342.2640529,36.26090855,0.210806603,0.105403301,pars_lcbp_stream_2xC_power,1.68947585,0.105403301,NA,stream_2xC_power,22.73244561,stream,2
LC,0,LC.0,1.75,0.035875,0.657894737,0.404897959,0.001,0.898632399,0.002148532,150.7250817,93.7112975,1646.416928,353.2679194,1553.744318,9.96E-04,0.001658642,0.001327356,0.001047241,37.3,51.45,11.25,0.1125,0.627,3.363863592,0.121477974,0.239729493,313.1481481,52.94000455,260.2081436,0.960115663,0.2915142,0.668601463,2,100,83.52687857,0.71,-3.5,0,0.082485441,0.291137111,TRUE,TRUE,TRUE,183.5901976,0.28928446,88.87832993,0.140046255,60,309.3333333,227.9254426,Prindle Rd,PrRd,Pr,Pr0,1.849579926,0.158530614,224.3772368,289.6386958,404.6286461,24.99349025,-0.025417381,-0.01270869,pars_lcbp_stream_0p5xC_pow_Hx,1.135928398,-0.01270869,TRUE,stream_0p5xC_pow_Hx,26.91919019,stream,0.5
LC,2,LC.2,1.75,0.035875,0.657894737,0.404897959,0.001,0.898632399,0.002148532,386.9032076,137.4791522,974.783356,374.4772829,755.1727749,0.001343714,0.001026814,0.001185264,0.00121508,16.73,52.02,31.25,0.3125,0.8327,4.14955365,0.085800625,0.188337597,461.6666667,35.86250912,425.8041575,0.367765561,0.095796323,0.271969238,2,100,83.91616429,0.71,-3.5,0.38928572,0.131826667,0.217345,TRUE,TRUE,TRUE,456.2152429,0.172538324,134.2054241,0.05075582,616,565.3333333,468.7305969,Prindle Rd,PrRd,Pr,Pr2,2.299824503,0.231819093,405.5786152,427.7390554,259.0746518,26.80984713,0.059075355,0.029537677,pars_lcbp_stream_0p5xC_pow_Hx,0.558459589,0.029537677,TRUE,stream_0p5xC_pow_Hx,0,stream,0.5
LC,4,LC.4,1.75,0.035875,0.657894737,0.404897959,0.001,0.898632399,0.002148532,281.625443,70.67210999,1223.052575,304.2292522,952.8972973,0.001335141,0.001157442,0.001246291,0.001282739,15.485,49.515,35,0.35,0.84515,3.858700772,0.069779359,0.152942887,446.037037,37.29926442,408.7377726,0.330085904,0.086596032,0.243489872,2,100,83.99556818,0.71,-3.5,0.46868961,0.191737778,0.265600111,TRUE,TRUE,TRUE,348.6223241,0.176736434,19.23333074,0.009750466,473.3333333,434.6666667,530.7807397,Prindle Rd,PrRd,Pr,Pr4,1.718834122,0.185587327,299.0169286,318.4671051,211.0999292,25.49468444,0.045993621,0.02299681,pars_lcbp_stream_0p5xC_pow_Hx,0.391960826,0.02299681,TRUE,stream_0p5xC_pow_Hx,0,stream,0.5
OCD,0,OCD.0,11.92708333,0.02975,0.233108108,0.25872691,0.001,0.622696754,9.00E-04,354.0122067,108.4294913,1583.696284,619.9615315,1147.873853,0.00138204,0.001494126,0.001438083,0.001370888,6.45,78.55,15,0.15,0.9355,5.103527419,0.126295222,0.302884956,547.9259259,213.6969339,334.228992,1.252862509,0.700275821,0.552586688,2,100,77.29694,5.8,-3.6,0,0.026090917,0.054714833,TRUE,TRUE,TRUE,342.862534,0.358455798,75.67341571,0.079115015,636,450.6666667,904.8248561,Union St,UnSt,Un,Un0,37.71651633,0.263964887,383.1674899,414.5962471,302.6924534,33.17004239,0.174992215,0.087496108,pars_lcbp_stream_0p5xC_pow_Hx,0.730807032,0.087496108,TRUE,stream_0p5xC_pow_Hx,180.2740347,stream,0.5
OCD,2,OCD.2,11.92708333,0.02975,0.233108108,0.25872691,0.001,0.622696754,9.00E-04,333.2117674,122.4673759,2007.931757,1432.086419,1140.977366,0.002065388,0.002592825,0.002329107,0.002037138,6.255,83.745,10,0.1,0.93745,5.196789836,0.120631309,0.186592155,506,48.60192102,457.398079,0.7154125,0.316935833,0.398476667,2,100,77.66302273,5.8,-3.6,0.36608273,0.018806667,0.06557,TRUE,TRUE,TRUE,338.027632,0.244286584,55.63756039,0.04020828,369.3333333,453.3333333,624.040743,Union St,UnSt,Un,Un2,32.25394029,0.351809179,354.6607595,378.7853512,258.8483854,48.338224,0.154173848,0.077086924,pars_lcbp_stream_0p5xC_pow_Hx,0.557133391,0.077086924,TRUE,stream_0p5xC_pow_Hx,2.862113127,stream,0.5
OCD,4,OCD.4,11.92708333,0.02975,0.233108108,0.25872691,0.001,0.622696754,9.00E-04,369.4242291,153.5606539,1387.694268,444.6400265,540.7189189,0.001258202,0.001557041,0.001407622,0.001214193,15.99,75.26,8.75,0.0875,0.8401,5.001352209,0.092330546,0.176546443,243.0740741,23.40005821,219.6740159,0.224107975,0.078156381,0.145951594,2,100,77.82101905,5.8,-3.6,0.52407905,0.022963917,0.060130667,TRUE,TRUE,TRUE,405.506307,0.183777432,96.56614676,0.043764248,809.3333333,488,802.6340366,Union St,UnSt,Un,Un4,22.60139894,0.218767145,385.9007991,406.0103589,243.8257073,32.70074521,0.12242384,0.06121192,pars_lcbp_stream_0p5xC_pow_Hx,0.386459869,0.06121192,TRUE,stream_0p5xC_pow_Hx,1.432656625,stream,0.5
OCSP,0,OCSP.0,6.125,0.028,0.544117647,0.277354264,0.001,1.419211325,9.38E-04,302.2356116,73.01311349,1064.508723,164.5863743,1421.035176,0.001486656,0.002742946,0.002114801,0.001618305,1.455,87.295,11.25,0.1125,0.98545,3.446903927,0.166431828,0.299142644,544.8518519,78.88075708,465.9710948,1.681420674,1.031133929,0.650286745,2,100,75.09847021,1.1,-2.3,0,0.11172225,0.22923775,TRUE,TRUE,TRUE,331.5199636,0.474308185,61.11634656,0.087439631,446.6666667,438.6666667,712.3534304,Swamp Rd,SwRd,Sw,Sw0,19.82438563,0.337307823,381.1322253,449.7457297,443.9067479,33.00877685,0.018864433,0.009432216,pars_lcbp_stream_0p5xC_pow_Hx,1.935119484,0.009432216,TRUE,stream_0p5xC_pow_Hx,32.2836476,stream,0.5
OCSP,2,OCSP.2,6.125,0.028,0.544117647,0.277354264,0.001,1.419211325,9.38E-04,222.6413311,87.60674812,845.857586,435.4389314,1675.106061,0.001224977,0.003371581,0.002298279,0.001495516,2.965,82.035,15,0.15,0.97035,4.136546835,0.18547916,0.203979121,584.8148148,149.5114798,435.303335,1.37967072,0.763014012,0.616656708,2,100,75.18614762,1.1,-2.3,0.08767741,0.157933333,0.408546,TRUE,TRUE,TRUE,234.8744671,0.324222942,65.31431301,0.090160497,194.6666667,294.6666667,606.0630899,Swamp Rd,SwRd,Sw,Sw2,18.92777721,0.271693605,305.6711184,377.1006719,445.0016123,44.58459211,-0.010779282,-0.005389641,pars_lcbp_stream_0p5xC_pow_Hx,1.983890561,-0.005389641,TRUE,stream_0p5xC_pow_Hx,105.9811463,stream,0.5
OCSP,4,OCSP.4,6.125,0.028,0.544117647,0.277354264,0.001,1.419211325,9.38E-04,184.2188945,47.053772,505.2496394,277.9309908,1086.762397,0.001128456,0.004259469,0.002693963,0.001541173,24.085,68.415,7.5,0.075,0.75915,3.775993713,0.13297581,0.17311022,278.8148148,46.01266099,232.8021538,0.398397048,0.126733908,0.27166314,2,100,76.17881,1.1,-2.3,1.08033979,0.022903,0.145474909,TRUE,TRUE,TRUE,222.7451398,0.142453723,36.46432458,0.023320279,29.33333333,305.3333333,337.7733333,Swamp Rd,SwRd,Sw,Sw4,7.183417718,0.229666976,239.0533551,288.4548764,340.1063332,36.26090855,0.059801036,0.029900518,pars_lcbp_stream_0p5xC_pow_Hx,1.664899172,0.029900518,TRUE,stream_0p5xC_pow_Hx,22.73244561,stream,0.5
LC,0,LC.0,7,0.1435,0.657894737,0.404897959,0.001,0.898632399,0.002148532,150.7250817,93.7112975,1646.416928,353.2679194,1553.744318,9.96E-04,0.001658642,0.001327356,0.001047241,37.3,51.45,11.25,0.1125,0.627,3.363863592,0.121477974,0.239729493,313.1481481,52.94000455,260.2081436,0.960115663,0.2915142,0.668601463,2,100,83.52687857,0.71,-3.5,0,0.082485441,0.291137111,TRUE,TRUE,TRUE,183.5901976,0.28928446,88.87832993,0.140046255,60,309.3333333,227.9254426,Prindle Rd,PrRd,Pr,Pr0,7.39820698,0.15898001,224.6349841,290.4392178,410.9214698,24.99349025,0.361601292,0.180800646,pars_lcbp_stream_2xC_pow_Hx,1.169045694,0.180800646,TRUE,stream_2xC_pow_Hx,26.91919019,stream,2
LC,2,LC.2,7,0.1435,0.657894737,0.404897959,0.001,0.898632399,0.002148532,386.9032076,137.4791522,974.783356,374.4772829,755.1727749,0.001343714,0.001026814,0.001185264,0.00121508,16.73,52.02,31.25,0.3125,0.8327,4.14955365,0.085800625,0.188337597,461.6666667,35.86250912,425.8041575,0.367765561,0.095796323,0.271969238,2,100,83.91616429,0.71,-3.5,0.38928572,0.131826667,0.217345,TRUE,TRUE,TRUE,456.2152429,0.172538324,134.2054241,0.05075582,616,565.3333333,468.7305969,Prindle Rd,PrRd,Pr,Pr2,9.19922355,0.233167586,406.1644446,428.5369954,264.2053764,26.80984713,0.314398511,0.157199256,pars_lcbp_stream_2xC_pow_Hx,0.58709429,0.157199256,TRUE,stream_2xC_pow_Hx,0,stream,2
LC,4,LC.4,7,0.1435,0.657894737,0.404897959,0.001,0.898632399,0.002148532,281.625443,70.67210999,1223.052575,304.2292522,952.8972973,0.001335141,0.001157442,0.001246291,0.001282739,15.485,49.515,35,0.35,0.84515,3.858700772,0.069779359,0.152942887,446.037037,37.29926442,408.7377726,0.330085904,0.086596032,0.243489872,2,100,83.99556818,0.71,-3.5,0.46868961,0.191737778,0.265600111,TRUE,TRUE,TRUE,348.6223241,0.176736434,19.23333074,0.009750466,473.3333333,434.6666667,530.7807397,Prindle Rd,PrRd,Pr,Pr4,6.875253965,0.186542608,299.4268228,319.023795,214.559767,25.49468444,0.223198589,0.111599294,pars_lcbp_stream_2xC_pow_Hx,0.411263485,0.111599294,TRUE,stream_2xC_pow_Hx,0,stream,2
OCD,0,OCD.0,47.70833333,0.119,0.233108108,0.25872691,0.001,0.622696754,9.00E-04,354.0122067,108.4294913,1583.696284,619.9615315,1147.873853,0.00138204,0.001494126,0.001438083,0.001370888,6.45,78.55,15,0.15,0.9355,5.103527419,0.126295222,0.302884956,547.9259259,213.6969339,334.228992,1.252862509,0.700275821,0.552586688,2,100,77.29694,5.8,-3.6,0,0.026090917,0.054714833,TRUE,TRUE,TRUE,342.862534,0.358455798,75.67341571,0.079115015,636,450.6666667,904.8248561,Union St,UnSt,Un,Un0,150.8646608,0.264830024,383.2407972,415.014072,308.0433625,33.17004239,0.906555501,0.45327775,pars_lcbp_stream_2xC_pow_Hx,0.806659864,0.45327775,TRUE,stream_2xC_pow_Hx,180.2740347,stream,2
OCD,2,OCD.2,47.70833333,0.119,0.233108108,0.25872691,0.001,0.622696754,9.00E-04,333.2117674,122.4673759,2007.931757,1432.086419,1140.977366,0.002065388,0.002592825,0.002329107,0.002037138,6.255,83.745,10,0.1,0.93745,5.196789836,0.120631309,0.186592155,506,48.60192102,457.398079,0.7154125,0.316935833,0.398476667,2,100,77.66302273,5.8,-3.6,0.36608273,0.018806667,0.06557,TRUE,TRUE,TRUE,338.027632,0.244286584,55.63756039,0.04020828,369.3333333,453.3333333,624.040743,Union St,UnSt,Un,Un2,129.0141962,0.352769101,354.7202916,378.8578264,262.304046,48.338224,0.71451204,0.35725602,pars_lcbp_stream_2xC_pow_Hx,0.638353939,0.35725602,TRUE,stream_2xC_pow_Hx,2.862113127,stream,2
OCD,4,OCD.4,47.70833333,0.119,0.233108108,0.25872691,0.001,0.622696754,9.00E-04,369.4242291,153.5606539,1387.694268,444.6400265,540.7189189,0.001258202,0.001557041,0.001407622,0.001214193,15.99,75.26,8.75,0.0875,0.8401,5.001352209,0.092330546,0.176546443,243.0740741,23.40005821,219.6740159,0.224107975,0.078156381,0.145951594,2,100,77.82101905,5.8,-3.6,0.52407905,0.022963917,0.060130667,TRUE,TRUE,TRUE,405.506307,0.183777432,96.56614676,0.043764248,809.3333333,488,802.6340366,Union St,UnSt,Un,Un4,90.40520348,0.21925292,385.9007991,406.0103589,246.6516136,32.70074521,0.517526421,0.25876321,pars_lcbp_stream_2xC_pow_Hx,0.426914376,0.25876321,TRUE,stream_2xC_pow_Hx,1.432656625,stream,2
OCSP,0,OCSP.0,24.5,0.112,0.544117647,0.277354264,0.001,1.419211325,9.38E-04,302.2356116,73.01311349,1064.508723,164.5863743,1421.035176,0.001486656,0.002742946,0.002114801,0.001618305,1.455,87.295,11.25,0.1125,0.98545,3.446903927,0.166431828,0.299142644,544.8518519,78.88075708,465.9710948,1.681420674,1.031133929,0.650286745,2,100,75.09847021,1.1,-2.3,0,0.11172225,0.22923775,TRUE,TRUE,TRUE,331.5199636,0.474308185,61.11634656,0.087439631,446.6666667,438.6666667,712.3534304,Swamp Rd,SwRd,Sw,Sw0,79.29777548,0.337552803,381.1322253,449.7457297,453.4610023,33.00877685,0.776199277,0.388099639,pars_lcbp_stream_2xC_pow_Hx,2.074706207,0.388099639,TRUE,stream_2xC_pow_Hx,32.2836476,stream,2
OCSP,2,OCSP.2,24.5,0.112,0.544117647,0.277354264,0.001,1.419211325,9.38E-04,222.6413311,87.60674812,845.857586,435.4389314,1675.106061,0.001224977,0.003371581,0.002298279,0.001495516,2.965,82.035,15,0.15,0.97035,4.136546835,0.18547916,0.203979121,584.8148148,149.5114798,435.303335,1.37967072,0.763014012,0.616656708,2,100,75.18614762,1.1,-2.3,0.08767741,0.157933333,0.408546,TRUE,TRUE,TRUE,234.8744671,0.324222942,65.31431301,0.090160497,194.6666667,294.6666667,606.0630899,Swamp Rd,SwRd,Sw,Sw2,75.71089317,0.271863858,305.6711184,377.1006719,451.0916044,44.58459211,0.660178221,0.330089111,pars_lcbp_stream_2xC_pow_Hx,2.086771682,0.330089111,TRUE,stream_2xC_pow_Hx,105.9811463,stream,2
OCSP,4,OCSP.4,24.5,0.112,0.544117647,0.277354264,0.001,1.419211325,9.38E-04,184.2188945,47.053772,505.2496394,277.9309908,1086.762397,0.001128456,0.004259469,0.002693963,0.001541173,24.085,68.415,7.5,0.075,0.75915,3.775993713,0.13297581,0.17311022,278.8148148,46.01266099,232.8021538,0.398397048,0.126733908,0.27166314,2,100,76.17881,1.1,-2.3,1.08033979,0.022903,0.145474909,TRUE,TRUE,TRUE,222.7451398,0.142453723,36.46432458,0.023320279,29.33333333,305.3333333,337.7733333,Swamp Rd,SwRd,Sw,Sw4,28.73364751,0.229796101,239.0533551,288.4548764,342.8710389,36.26090855,0.253043711,0.126521856,pars_lcbp_stream_2xC_pow_Hx,1.696264833,0.126521856,TRUE,stream_2xC_pow_Hx,22.73244561,stream,2
LC,0,LC.0,3.5,0.07175,0.657894737,0.404897959,0.001,0.898632399,0.002148532,150.7250817,93.7112975,1646.416928,353.2679194,1553.744318,9.96E-04,0.001658642,0.001327356,0.001047241,37.3,51.45,11.25,0.1125,0.627,3.363863592,0.121477974,0.239729493,313.1481481,52.94000455,260.2081436,0.960115663,0.2915142,0.668601463,2,100,83.52687857,0.71,-3.5,0,0.082485441,0.291137111,TRUE,TRUE,TRUE,183.5901976,0.28928446,88.87832993,0.140046255,60,309.3333333,227.9254426,Prindle Rd,PrRd,Pr,Pr0,3.699110668,0.158677937,224.4631266,289.9045586,406.7299969,24.99349025,0.10317238,0.05158619,pars_lcbp_stream_pow_Hx,1.147059861,0.05158619,TRUE,stream_pow_Hx,26.91919019,stream,NA
LC,2,LC.2,3.5,0.07175,0.657894737,0.404897959,0.001,0.898632399,0.002148532,386.9032076,137.4791522,974.783356,374.4772829,755.1727749,0.001343714,0.001026814,0.001185264,0.00121508,16.73,52.02,31.25,0.3125,0.8327,4.14955365,0.085800625,0.188337597,461.6666667,35.86250912,425.8041575,0.367765561,0.095796323,0.271969238,2,100,83.91616429,0.71,-3.5,0.38928572,0.131826667,0.217345,TRUE,TRUE,TRUE,456.2152429,0.172538324,134.2054241,0.05075582,616,565.3333333,468.7305969,Prindle Rd,PrRd,Pr,Pr2,4.599657364,0.232261321,405.7737629,428.002853,260.7798255,26.80984713,0.14394868,0.07197434,pars_lcbp_stream_pow_Hx,0.567934895,0.07197434,TRUE,stream_pow_Hx,0,stream,NA
LC,4,LC.4,3.5,0.07175,0.657894737,0.404897959,0.001,0.898632399,0.002148532,281.625443,70.67210999,1223.052575,304.2292522,952.8972973,0.001335141,0.001157442,0.001246291,0.001282739,15.485,49.515,35,0.35,0.84515,3.858700772,0.069779359,0.152942887,446.037037,37.29926442,408.7377726,0.330085904,0.086596032,0.243489872,2,100,83.99556818,0.71,-3.5,0.46868961,0.191737778,0.265600111,TRUE,TRUE,TRUE,348.6223241,0.176736434,19.23333074,0.009750466,473.3333333,434.6666667,530.7807397,Prindle Rd,PrRd,Pr,Pr4,3.43765989,0.185906607,299.1519052,318.6501205,212.253949,25.49468444,0.104940613,0.052470306,pars_lcbp_stream_pow_Hx,0.398387588,0.052470306,TRUE,stream_pow_Hx,0,stream,NA
OCD,0,OCD.0,23.85416667,0.0595,0.233108108,0.25872691,0.001,0.622696754,9.00E-04,354.0122067,108.4294913,1583.696284,619.9615315,1147.873853,0.00138204,0.001494126,0.001438083,0.001370888,6.45,78.55,15,0.15,0.9355,5.103527419,0.126295222,0.302884956,547.9259259,213.6969339,334.228992,1.252862509,0.700275821,0.552586688,2,100,77.29694,5.8,-3.6,0,0.026090917,0.054714833,TRUE,TRUE,TRUE,342.862534,0.358455798,75.67341571,0.079115015,636,450.6666667,904.8248561,Union St,UnSt,Un,Un0,75.43223497,0.264249162,383.1918571,414.7353352,304.4803106,33.17004239,0.418660591,0.209330296,pars_lcbp_stream_pow_Hx,0.756087811,0.209330296,TRUE,stream_pow_Hx,180.2740347,stream,NA
OCD,2,OCD.2,23.85416667,0.0595,0.233108108,0.25872691,0.001,0.622696754,9.00E-04,333.2117674,122.4673759,2007.931757,1432.086419,1140.977366,0.002065388,0.002592825,0.002329107,0.002037138,6.255,83.745,10,0.1,0.93745,5.196789836,0.120631309,0.186592155,506,48.60192102,457.398079,0.7154125,0.316935833,0.398476667,2,100,77.66302273,5.8,-3.6,0.36608273,0.018806667,0.06557,TRUE,TRUE,TRUE,338.027632,0.244286584,55.63756039,0.04020828,369.3333333,453.3333333,624.040743,Union St,UnSt,Un,Un2,64.50734987,0.352127618,354.6805932,378.8090703,259.9951469,48.338224,0.340896871,0.170448436,pars_lcbp_stream_pow_Hx,0.584175456,0.170448436,TRUE,stream_pow_Hx,2.862113127,stream,NA
OCD,4,OCD.4,23.85416667,0.0595,0.233108108,0.25872691,0.001,0.622696754,9.00E-04,369.4242291,153.5606539,1387.694268,444.6400265,540.7189189,0.001258202,0.001557041,0.001407622,0.001214193,15.99,75.26,8.75,0.0875,0.8401,5.001352209,0.092330546,0.176546443,243.0740741,23.40005821,219.6740159,0.224107975,0.078156381,0.145951594,2,100,77.82101905,5.8,-3.6,0.52407905,0.022963917,0.060130667,TRUE,TRUE,TRUE,405.506307,0.183777432,96.56614676,0.043764248,809.3333333,488,802.6340366,Union St,UnSt,Un,Un4,45.20258719,0.218935278,385.9007991,406.0103589,244.7791755,32.70074521,0.254101753,0.127050876,pars_lcbp_stream_pow_Hx,0.400109905,0.127050876,TRUE,stream_pow_Hx,1.432656625,stream,NA
OCSP,0,OCSP.0,12.25,0.056,0.544117647,0.277354264,0.001,1.419211325,9.38E-04,302.2356116,73.01311349,1064.508723,164.5863743,1421.035176,0.001486656,0.002742946,0.002114801,0.001618305,1.455,87.295,11.25,0.1125,0.98545,3.446903927,0.166431828,0.299142644,544.8518519,78.88075708,465.9710948,1.681420674,1.031133929,0.650286745,2,100,75.09847021,1.1,-2.3,0,0.11172225,0.22923775,TRUE,TRUE,TRUE,331.5199636,0.474308185,61.11634656,0.087439631,446.6666667,438.6666667,712.3534304,Swamp Rd,SwRd,Sw,Sw0,39.64885599,0.337382685,381.1322253,449.7457297,447.1067217,33.00877685,0.270945527,0.135472763,pars_lcbp_stream_pow_Hx,1.981893492,0.135472763,TRUE,stream_pow_Hx,32.2836476,stream,NA
OCSP,2,OCSP.2,12.25,0.056,0.544117647,0.277354264,0.001,1.419211325,9.38E-04,222.6413311,87.60674812,845.857586,435.4389314,1675.106061,0.001224977,0.003371581,0.002298279,0.001495516,2.965,82.035,15,0.15,0.97035,4.136546835,0.18547916,0.203979121,584.8148148,149.5114798,435.303335,1.37967072,0.763014012,0.616656708,2,100,75.18614762,1.1,-2.3,0.08767741,0.157933333,0.408546,TRUE,TRUE,TRUE,234.8744671,0.324222942,65.31431301,0.090160497,194.6666667,294.6666667,606.0630899,Swamp Rd,SwRd,Sw,Sw2,37.8555002,0.271750915,305.6711184,377.1006719,447.0437048,44.58459211,0.212630308,0.106315154,pars_lcbp_stream_pow_Hx,2.018237668,0.106315154,TRUE,stream_pow_Hx,105.9811463,stream,NA
OCSP,4,OCSP.4,12.25,0.056,0.544117647,0.277354264,0.001,1.419211325,9.38E-04,184.2188945,47.053772,505.2496394,277.9309908,1086.762397,0.001128456,0.004259469,0.002693963,0.001541173,24.085,68.415,7.5,0.075,0.75915,3.775993713,0.13297581,0.17311022,278.8148148,46.01266099,232.8021538,0.398397048,0.126733908,0.27166314,2,100,76.17881,1.1,-2.3,1.08033979,0.022903,0.145474909,TRUE,TRUE,TRUE,222.7451398,0.142453723,36.46432458,0.023320279,29.33333333,305.3333333,337.7733333,Swamp Rd,SwRd,Sw,Sw4,14.36682423,0.229714517,239.0533551,288.4548764,341.0276723,36.26090855,0.124208705,0.062104352,pars_lcbp_stream_pow_Hx,1.675519105,0.062104352,TRUE,stream_pow_Hx,22.73244561,stream,NA
